filename , node, edge, degree, min_weight, time_in_sec 
100_5_0,100,250,5,4341,9.3e-05
100_5_1,100,250,5,4182,8.7e-05
100_5_2,100,250,5,4479,8e-05
100_5_3,100,250,5,3669,7.2e-05
100_5_4,100,250,5,4040,7.8e-05
100_5_5,100,250,5,4390,8e-05
100_5_6,100,250,5,4338,8.3e-05
100_5_7,100,250,5,5088,7.7e-05
100_5_8,100,250,5,3774,8.3e-05
100_5_9,100,250,5,4292,8.4e-05
100_5_10,100,250,5,4098,8.1e-05
100_5_11,100,250,5,4113,7.4e-05
100_5_12,100,250,5,4432,7.4e-05
100_5_13,100,250,5,4366,8e-05
100_5_14,100,250,5,5037,8.5e-05
100_5_15,100,250,5,4329,7.3e-05
100_5_16,100,250,5,4219,7.5e-05
100_5_17,100,250,5,4001,8.1e-05
100_5_18,100,250,5,4585,8.5e-05
100_5_19,100,250,5,4338,7.4e-05
100_5_20,100,250,5,4327,8.2e-05
100_5_21,100,250,5,4398,7.2e-05
100_5_22,100,250,5,4601,8e-05
100_5_23,100,250,5,3749,8e-05
100_5_24,100,250,5,4724,8e-05
100_5_25,100,250,5,4319,7.2e-05
100_5_26,100,250,5,4663,7.4e-05
100_5_27,100,250,5,4094,8e-05
100_5_28,100,250,5,4405,8e-05
100_5_29,100,250,5,4160,7.3e-05
100_5_30,100,250,5,4567,7.7e-05
100_5_31,100,250,5,4209,7.9e-05
100_5_32,100,250,5,4265,7.9e-05
100_5_33,100,250,5,4829,7.4e-05
100_5_34,100,250,5,3799,8.1e-05
100_5_35,100,250,5,4680,7e-05
100_5_36,100,250,5,4049,0.000107
100_5_37,100,250,5,4299,7.4e-05
100_5_38,100,250,5,3646,8e-05
100_5_39,100,250,5,5044,7.4e-05
100_5_40,100,250,5,4925,8.1e-05
100_5_41,100,250,5,4428,8e-05
100_5_42,100,250,5,3996,7.3e-05
100_5_43,100,250,5,4210,8e-05
100_5_44,100,250,5,4178,8.1e-05
100_5_45,100,250,5,4619,8e-05
100_5_46,100,250,5,4414,8.2e-05
100_5_47,100,250,5,4191,8e-05
100_5_48,100,250,5,4694,8e-05
100_5_49,100,250,5,4167,8.1e-05
100_5_50,100,250,5,4332,8.1e-05
100_5_51,100,250,5,4703,7.3e-05
100_5_52,100,250,5,3833,7e-05
100_5_53,100,250,5,4412,7.4e-05
100_5_54,100,250,5,4256,7.3e-05
100_5_55,100,250,5,4572,8.1e-05
100_5_56,100,250,5,4078,7.4e-05
100_5_57,100,250,5,3906,7.2e-05
100_5_58,100,250,5,4212,8e-05
100_5_59,100,250,5,4364,7.2e-05
100_5_60,100,250,5,5021,7.3e-05
100_5_61,100,250,5,4691,8.2e-05
100_5_62,100,250,5,4566,8.2e-05
100_5_63,100,250,5,4539,8.1e-05
100_5_64,100,250,5,4224,8.1e-05
100_5_65,100,250,5,4207,7.5e-05
100_5_66,100,250,5,4091,7.6e-05
100_5_67,100,250,5,3967,7.9e-05
100_5_68,100,250,5,4422,8.6e-05
100_5_69,100,250,5,3657,8e-05
100_5_70,100,250,5,4601,7.2e-05
100_5_71,100,250,5,4668,8.1e-05
100_5_72,100,250,5,3600,8.2e-05
100_5_73,100,250,5,3871,8.2e-05
100_5_74,100,250,5,3968,8e-05
100_5_75,100,250,5,4202,7.2e-05
100_5_76,100,250,5,3951,8.1e-05
100_5_77,100,250,5,4234,7.9e-05
100_5_78,100,250,5,4364,8.2e-05
100_5_79,100,250,5,4933,8.3e-05
100_5_80,100,250,5,4226,8.1e-05
100_5_81,100,250,5,4891,8.2e-05
100_5_82,100,250,5,4020,8.2e-05
100_5_83,100,250,5,4864,7.1e-05
100_5_84,100,250,5,4792,8.1e-05
100_5_85,100,250,5,4560,8e-05
100_5_86,100,250,5,4513,7.9e-05
100_5_87,100,250,5,4545,8e-05
100_5_88,100,250,5,4300,8.5e-05
100_5_89,100,250,5,3873,7.5e-05
100_5_90,100,250,5,4055,9.7e-05
100_5_91,100,250,5,4357,8.2e-05
100_5_92,100,250,5,4832,7.3e-05
100_5_93,100,250,5,4183,7.3e-05
100_5_94,100,250,5,4158,8e-05
100_5_95,100,250,5,4390,8.1e-05
100_5_96,100,250,5,3774,7.2e-05
100_5_97,100,250,5,4877,7.4e-05
100_5_98,100,250,5,4563,7.7e-05
100_5_99,100,250,5,4293,8.1e-05
100_10_0,100,500,10,2263,7.7e-05
100_10_1,100,500,10,2298,7.4e-05
100_10_2,100,500,10,2257,7.4e-05
100_10_3,100,500,10,2716,7.9e-05
100_10_4,100,500,10,2255,8.2e-05
100_10_5,100,500,10,2385,0.0001
100_10_6,100,500,10,2191,7.7e-05
100_10_7,100,500,10,2300,8.3e-05
100_10_8,100,500,10,2157,9.6e-05
100_10_9,100,500,10,2324,8.2e-05
100_10_10,100,500,10,2260,7.6e-05
100_10_11,100,500,10,1891,8.7e-05
100_10_12,100,500,10,2229,7.6e-05
100_10_13,100,500,10,1899,7.7e-05
100_10_14,100,500,10,2377,8.5e-05
100_10_15,100,500,10,2709,7.8e-05
100_10_16,100,500,10,2528,8.6e-05
100_10_17,100,500,10,2101,8.1e-05
100_10_18,100,500,10,2191,8.2e-05
100_10_19,100,500,10,2195,8.1e-05
100_10_20,100,500,10,2313,8.8e-05
100_10_21,100,500,10,2533,8.5e-05
100_10_22,100,500,10,2243,7.6e-05
100_10_23,100,500,10,2591,8.3e-05
100_10_24,100,500,10,2076,8.3e-05
100_10_25,100,500,10,2271,8.8e-05
100_10_26,100,500,10,2554,8.6e-05
100_10_27,100,500,10,2626,7.5e-05
100_10_28,100,500,10,2118,8.4e-05
100_10_29,100,500,10,2189,7.4e-05
100_10_30,100,500,10,2431,7.9e-05
100_10_31,100,500,10,2402,8.1e-05
100_10_32,100,500,10,2326,8.2e-05
100_10_33,100,500,10,2139,7.4e-05
100_10_34,100,500,10,1826,7.3e-05
100_10_35,100,500,10,2455,0.000119
100_10_36,100,500,10,1903,7.6e-05
100_10_37,100,500,10,2494,8.2e-05
100_10_38,100,500,10,2647,8.1e-05
100_10_39,100,500,10,2619,8e-05
100_10_40,100,500,10,2294,8e-05
100_10_41,100,500,10,2411,8.3e-05
100_10_42,100,500,10,2234,7.4e-05
100_10_43,100,500,10,2384,0.000102
100_10_44,100,500,10,2318,7.7e-05
100_10_45,100,500,10,2463,7.7e-05
100_10_46,100,500,10,2495,7.7e-05
100_10_47,100,500,10,2494,7.9e-05
100_10_48,100,500,10,2427,8.7e-05
100_10_49,100,500,10,2135,7.8e-05
100_10_50,100,500,10,2641,8.9e-05
100_10_51,100,500,10,2110,7.8e-05
100_10_52,100,500,10,2459,8.1e-05
100_10_53,100,500,10,2030,8.5e-05
100_10_54,100,500,10,2296,0.000101
100_10_55,100,500,10,2039,8.7e-05
100_10_56,100,500,10,2190,8.5e-05
100_10_57,100,500,10,2255,8.9e-05
100_10_58,100,500,10,2659,8.7e-05
100_10_59,100,500,10,2233,8.6e-05
100_10_60,100,500,10,2202,8.7e-05
100_10_61,100,500,10,2346,7.7e-05
100_10_62,100,500,10,2250,7.9e-05
100_10_63,100,500,10,2028,7.6e-05
100_10_64,100,500,10,2358,8.3e-05
100_10_65,100,500,10,2132,7.9e-05
100_10_66,100,500,10,2126,8.4e-05
100_10_67,100,500,10,2361,8.6e-05
100_10_68,100,500,10,2147,7.8e-05
100_10_69,100,500,10,2355,8.8e-05
100_10_70,100,500,10,2518,8.5e-05
100_10_71,100,500,10,2544,8.5e-05
100_10_72,100,500,10,2134,7.5e-05
100_10_73,100,500,10,2435,7.8e-05
100_10_74,100,500,10,2700,8.4e-05
100_10_75,100,500,10,2503,8.6e-05
100_10_76,100,500,10,2795,8.2e-05
100_10_77,100,500,10,2296,7.7e-05
100_10_78,100,500,10,1950,7.4e-05
100_10_79,100,500,10,2170,7.9e-05
100_10_80,100,500,10,2392,9e-05
100_10_81,100,500,10,2209,8.4e-05
100_10_82,100,500,10,2170,8.6e-05
100_10_83,100,500,10,2455,7.7e-05
100_10_84,100,500,10,2557,7.7e-05
100_10_85,100,500,10,2198,8.3e-05
100_10_86,100,500,10,2142,9.7e-05
100_10_87,100,500,10,2249,7.9e-05
100_10_88,100,500,10,2469,8.8e-05
100_10_89,100,500,10,2665,9.3e-05
100_10_90,100,500,10,2068,7.8e-05
100_10_91,100,500,10,2303,7.7e-05
100_10_92,100,500,10,2273,8.4e-05
100_10_93,100,500,10,2069,7.7e-05
100_10_94,100,500,10,2228,7.9e-05
100_10_95,100,500,10,2426,8.7e-05
100_10_96,100,500,10,2218,7.8e-05
100_10_97,100,500,10,1929,8.3e-05
100_10_98,100,500,10,2378,7.5e-05
100_10_99,100,500,10,2178,8.4e-05
100_20_0,100,1000,20,1290,8.7e-05
100_20_1,100,1000,20,1166,7.8e-05
100_20_2,100,1000,20,1069,8.6e-05
100_20_3,100,1000,20,1130,8.3e-05
100_20_4,100,1000,20,1121,7.5e-05
100_20_5,100,1000,20,1383,7.8e-05
100_20_6,100,1000,20,1304,8.3e-05
100_20_7,100,1000,20,1171,8.5e-05
100_20_8,100,1000,20,1101,7.6e-05
100_20_9,100,1000,20,1495,8.2e-05
100_20_10,100,1000,20,1154,9.5e-05
100_20_11,100,1000,20,1403,9.9e-05
100_20_12,100,1000,20,1104,8.7e-05
100_20_13,100,1000,20,1230,7.6e-05
100_20_14,100,1000,20,940,7.9e-05
100_20_15,100,1000,20,1260,7.9e-05
100_20_16,100,1000,20,1285,7.7e-05
100_20_17,100,1000,20,1298,8.6e-05
100_20_18,100,1000,20,1251,8.5e-05
100_20_19,100,1000,20,1237,8.5e-05
100_20_20,100,1000,20,1132,8.3e-05
100_20_21,100,1000,20,1128,7.9e-05
100_20_22,100,1000,20,928,8.6e-05
100_20_23,100,1000,20,1041,7.8e-05
100_20_24,100,1000,20,1322,8.5e-05
100_20_25,100,1000,20,1155,8.2e-05
100_20_26,100,1000,20,1177,8.3e-05
100_20_27,100,1000,20,1306,8.2e-05
100_20_28,100,1000,20,1410,8.6e-05
100_20_29,100,1000,20,1195,8.7e-05
100_20_30,100,1000,20,1155,8.6e-05
100_20_31,100,1000,20,1188,9.2e-05
100_20_32,100,1000,20,1341,8.7e-05
100_20_33,100,1000,20,1144,8.6e-05
100_20_34,100,1000,20,1023,7.6e-05
100_20_35,100,1000,20,1234,8.4e-05
100_20_36,100,1000,20,1331,7.8e-05
100_20_37,100,1000,20,1069,8.4e-05
100_20_38,100,1000,20,1255,8.2e-05
100_20_39,100,1000,20,1455,8.1e-05
100_20_40,100,1000,20,1015,9.3e-05
100_20_41,100,1000,20,1365,8.8e-05
100_20_42,100,1000,20,1129,7.7e-05
100_20_43,100,1000,20,1072,8.4e-05
100_20_44,100,1000,20,1142,8.6e-05
100_20_45,100,1000,20,1291,8.7e-05
100_20_46,100,1000,20,1281,8.8e-05
100_20_47,100,1000,20,1204,9e-05
100_20_48,100,1000,20,1051,7.6e-05
100_20_49,100,1000,20,1214,8.2e-05
100_20_50,100,1000,20,1345,8.5e-05
100_20_51,100,1000,20,1295,9e-05
100_20_52,100,1000,20,1316,7.9e-05
100_20_53,100,1000,20,1203,7.8e-05
100_20_54,100,1000,20,1100,8e-05
100_20_55,100,1000,20,1397,8.7e-05
100_20_56,100,1000,20,1291,8.6e-05
100_20_57,100,1000,20,1166,7.6e-05
100_20_58,100,1000,20,1190,8e-05
100_20_59,100,1000,20,1211,8.5e-05
100_20_60,100,1000,20,1208,8.7e-05
100_20_61,100,1000,20,1230,9.1e-05
100_20_62,100,1000,20,1255,9e-05
100_20_63,100,1000,20,1236,7.9e-05
100_20_64,100,1000,20,849,8.9e-05
100_20_65,100,1000,20,1412,8.4e-05
100_20_66,100,1000,20,992,7.7e-05
100_20_67,100,1000,20,1279,7.5e-05
100_20_68,100,1000,20,1202,7.6e-05
100_20_69,100,1000,20,1148,7.8e-05
100_20_70,100,1000,20,932,7.7e-05
100_20_71,100,1000,20,1265,8.4e-05
100_20_72,100,1000,20,1234,8.3e-05
100_20_73,100,1000,20,1087,8e-05
100_20_74,100,1000,20,1284,8.8e-05
100_20_75,100,1000,20,1381,7.9e-05
100_20_76,100,1000,20,1044,8.9e-05
100_20_77,100,1000,20,1398,8.5e-05
100_20_78,100,1000,20,1106,8.7e-05
100_20_79,100,1000,20,1259,8.4e-05
100_20_80,100,1000,20,1390,9.3e-05
100_20_81,100,1000,20,1373,9e-05
100_20_82,100,1000,20,1113,8.4e-05
100_20_83,100,1000,20,1141,7.7e-05
100_20_84,100,1000,20,1071,8.4e-05
100_20_85,100,1000,20,1303,7.7e-05
100_20_86,100,1000,20,1090,7.5e-05
100_20_87,100,1000,20,1356,8.3e-05
100_20_88,100,1000,20,1137,7.6e-05
100_20_89,100,1000,20,1051,7.6e-05
100_20_90,100,1000,20,1282,8.4e-05
100_20_91,100,1000,20,1163,8.3e-05
100_20_92,100,1000,20,1076,7.5e-05
100_20_93,100,1000,20,1348,8.6e-05
100_20_94,100,1000,20,1252,7.7e-05
100_20_95,100,1000,20,993,8.7e-05
100_20_96,100,1000,20,1088,8.5e-05
100_20_97,100,1000,20,1195,0.000106
100_20_98,100,1000,20,1229,7.9e-05
100_20_99,100,1000,20,1181,9.5e-05
100_50_0,100,2500,50,482,0.000106
100_50_1,100,2500,50,540,8.6e-05
100_50_2,100,2500,50,584,8.5e-05
100_50_3,100,2500,50,523,8.7e-05
100_50_4,100,2500,50,485,7.9e-05
100_50_5,100,2500,50,469,7.9e-05
100_50_6,100,2500,50,592,7.6e-05
100_50_7,100,2500,50,556,7.8e-05
100_50_8,100,2500,50,578,9.6e-05
100_50_9,100,2500,50,491,9.1e-05
100_50_10,100,2500,50,518,7.9e-05
100_50_11,100,2500,50,477,7.9e-05
100_50_12,100,2500,50,468,7.6e-05
100_50_13,100,2500,50,510,9.8e-05
100_50_14,100,2500,50,542,9.5e-05
100_50_15,100,2500,50,509,8.6e-05
100_50_16,100,2500,50,504,7.6e-05
100_50_17,100,2500,50,497,8.8e-05
100_50_18,100,2500,50,453,8.7e-05
100_50_19,100,2500,50,513,8.5e-05
100_50_20,100,2500,50,488,8.5e-05
100_50_21,100,2500,50,574,7.9e-05
100_50_22,100,2500,50,517,9.3e-05
100_50_23,100,2500,50,619,9.7e-05
100_50_24,100,2500,50,509,8.7e-05
100_50_25,100,2500,50,520,7.9e-05
100_50_26,100,2500,50,444,8.3e-05
100_50_27,100,2500,50,557,8.3e-05
100_50_28,100,2500,50,448,8.8e-05
100_50_29,100,2500,50,455,7.7e-05
100_50_30,100,2500,50,444,7.6e-05
100_50_31,100,2500,50,436,9.5e-05
100_50_32,100,2500,50,497,0.000109
100_50_33,100,2500,50,472,8.3e-05
100_50_34,100,2500,50,558,8.8e-05
100_50_35,100,2500,50,637,8.7e-05
100_50_36,100,2500,50,573,9.2e-05
100_50_37,100,2500,50,541,9e-05
100_50_38,100,2500,50,512,8.5e-05
100_50_39,100,2500,50,493,7.9e-05
100_50_40,100,2500,50,464,9.1e-05
100_50_41,100,2500,50,549,9.4e-05
100_50_42,100,2500,50,608,8.8e-05
100_50_43,100,2500,50,507,8.2e-05
100_50_44,100,2500,50,495,8.5e-05
100_50_45,100,2500,50,534,8.7e-05
100_50_46,100,2500,50,488,8.2e-05
100_50_47,100,2500,50,585,9.8e-05
100_50_48,100,2500,50,656,7.6e-05
100_50_49,100,2500,50,587,0.000103
100_50_50,100,2500,50,498,9.4e-05
100_50_51,100,2500,50,403,8.9e-05
100_50_52,100,2500,50,549,7.6e-05
100_50_53,100,2500,50,607,8.5e-05
100_50_54,100,2500,50,500,7.6e-05
100_50_55,100,2500,50,487,7.7e-05
100_50_56,100,2500,50,487,8.8e-05
100_50_57,100,2500,50,472,9e-05
100_50_58,100,2500,50,460,0.000111
100_50_59,100,2500,50,587,9.9e-05
100_50_60,100,2500,50,563,8.9e-05
100_50_61,100,2500,50,459,7.8e-05
100_50_62,100,2500,50,560,8.5e-05
100_50_63,100,2500,50,631,8.9e-05
100_50_64,100,2500,50,550,8.3e-05
100_50_65,100,2500,50,495,7.7e-05
100_50_66,100,2500,50,457,9e-05
100_50_67,100,2500,50,605,8.9e-05
100_50_68,100,2500,50,473,8.4e-05
100_50_69,100,2500,50,520,7.7e-05
100_50_70,100,2500,50,474,7.7e-05
100_50_71,100,2500,50,468,9e-05
100_50_72,100,2500,50,487,0.000111
100_50_73,100,2500,50,495,8.3e-05
100_50_74,100,2500,50,527,7.8e-05
100_50_75,100,2500,50,454,7.6e-05
100_50_76,100,2500,50,590,7.9e-05
100_50_77,100,2500,50,420,0.000108
100_50_78,100,2500,50,526,8e-05
100_50_79,100,2500,50,536,7.9e-05
100_50_80,100,2500,50,505,9.2e-05
100_50_81,100,2500,50,449,0.000106
100_50_82,100,2500,50,404,8.6e-05
100_50_83,100,2500,50,507,7.6e-05
100_50_84,100,2500,50,582,8.8e-05
100_50_85,100,2500,50,523,7.7e-05
100_50_86,100,2500,50,600,8.7e-05
100_50_87,100,2500,50,526,8.3e-05
100_50_88,100,2500,50,673,9.3e-05
100_50_89,100,2500,50,538,9.3e-05
100_50_90,100,2500,50,517,9.9e-05
100_50_91,100,2500,50,506,7.5e-05
100_50_92,100,2500,50,512,8.2e-05
100_50_93,100,2500,50,512,7.7e-05
100_50_94,100,2500,50,526,8.8e-05
100_50_95,100,2500,50,520,8.4e-05
100_50_96,100,2500,50,511,7.9e-05
100_50_97,100,2500,50,456,9.2e-05
100_50_98,100,2500,50,478,8.7e-05
100_50_99,100,2500,50,540,7.6e-05
100_70_0,100,3500,70,391,7.7e-05
100_70_1,100,3500,70,488,8.7e-05
100_70_2,100,3500,70,359,0.000111
100_70_3,100,3500,70,389,8.5e-05
100_70_4,100,3500,70,443,8.3e-05
100_70_5,100,3500,70,392,8.1e-05
100_70_6,100,3500,70,372,9.5e-05
100_70_7,100,3500,70,364,8.4e-05
100_70_8,100,3500,70,364,9.6e-05
100_70_9,100,3500,70,455,9.8e-05
100_70_10,100,3500,70,358,8e-05
100_70_11,100,3500,70,358,8.6e-05
100_70_12,100,3500,70,389,7.5e-05
100_70_13,100,3500,70,427,9.6e-05
100_70_14,100,3500,70,377,8.7e-05
100_70_15,100,3500,70,424,0.00014
100_70_16,100,3500,70,378,9.3e-05
100_70_17,100,3500,70,368,7.7e-05
100_70_18,100,3500,70,491,8.4e-05
100_70_19,100,3500,70,363,7.9e-05
100_70_20,100,3500,70,385,0.000137
100_70_21,100,3500,70,381,0.0001
100_70_22,100,3500,70,375,0.000106
100_70_23,100,3500,70,349,8.5e-05
100_70_24,100,3500,70,354,7.9e-05
100_70_25,100,3500,70,393,8.3e-05
100_70_26,100,3500,70,387,8.5e-05
100_70_27,100,3500,70,389,8.7e-05
100_70_28,100,3500,70,366,9.8e-05
100_70_29,100,3500,70,397,8.3e-05
100_70_30,100,3500,70,396,7.7e-05
100_70_31,100,3500,70,447,7.6e-05
100_70_32,100,3500,70,461,0.000106
100_70_33,100,3500,70,487,9e-05
100_70_34,100,3500,70,378,7.6e-05
100_70_35,100,3500,70,389,8.5e-05
100_70_36,100,3500,70,403,9.2e-05
100_70_37,100,3500,70,378,7.7e-05
100_70_38,100,3500,70,377,8.6e-05
100_70_39,100,3500,70,406,0.000123
100_70_40,100,3500,70,345,8.9e-05
100_70_41,100,3500,70,359,7.5e-05
100_70_42,100,3500,70,386,0.000105
100_70_43,100,3500,70,379,7.6e-05
100_70_44,100,3500,70,396,7.7e-05
100_70_45,100,3500,70,360,8.4e-05
100_70_46,100,3500,70,387,0.000101
100_70_47,100,3500,70,385,7.5e-05
100_70_48,100,3500,70,417,8.6e-05
100_70_49,100,3500,70,375,7.6e-05
100_70_50,100,3500,70,378,9.4e-05
100_70_51,100,3500,70,419,8.6e-05
100_70_52,100,3500,70,412,9.5e-05
100_70_53,100,3500,70,393,0.000106
100_70_54,100,3500,70,472,8e-05
100_70_55,100,3500,70,410,7.6e-05
100_70_56,100,3500,70,321,0.000196
100_70_57,100,3500,70,394,0.000121
100_70_58,100,3500,70,341,8.6e-05
100_70_59,100,3500,70,365,0.000104
100_70_60,100,3500,70,417,7.9e-05
100_70_61,100,3500,70,360,9.6e-05
100_70_62,100,3500,70,387,8.3e-05
100_70_63,100,3500,70,438,0.000123
100_70_64,100,3500,70,381,0.000112
100_70_65,100,3500,70,399,7.8e-05
100_70_66,100,3500,70,387,0.00011
100_70_67,100,3500,70,407,7.8e-05
100_70_68,100,3500,70,452,8.3e-05
100_70_69,100,3500,70,409,7.8e-05
100_70_70,100,3500,70,429,7.9e-05
100_70_71,100,3500,70,399,0.000117
100_70_72,100,3500,70,353,9.7e-05
100_70_73,100,3500,70,366,9.7e-05
100_70_74,100,3500,70,339,7.6e-05
100_70_75,100,3500,70,412,0.000125
100_70_76,100,3500,70,423,8.4e-05
100_70_77,100,3500,70,420,8.2e-05
100_70_78,100,3500,70,469,9.4e-05
100_70_79,100,3500,70,439,0.000116
100_70_80,100,3500,70,459,8.5e-05
100_70_81,100,3500,70,342,8.5e-05
100_70_82,100,3500,70,421,7.5e-05
100_70_83,100,3500,70,450,8.4e-05
100_70_84,100,3500,70,358,7.7e-05
100_70_85,100,3500,70,362,8.1e-05
100_70_86,100,3500,70,410,9.6e-05
100_70_87,100,3500,70,411,7.6e-05
100_70_88,100,3500,70,425,7.3e-05
100_70_89,100,3500,70,435,0.000104
100_70_90,100,3500,70,373,9.1e-05
100_70_91,100,3500,70,371,8.3e-05
100_70_92,100,3500,70,373,8.9e-05
100_70_93,100,3500,70,365,8.4e-05
100_70_94,100,3500,70,372,8.7e-05
100_70_95,100,3500,70,385,0.000107
100_70_96,100,3500,70,519,0.000107
100_70_97,100,3500,70,379,8e-05
100_70_98,100,3500,70,367,7.5e-05
100_70_99,100,3500,70,411,8.5e-05
500_5_0,500,1250,5,21958,0.001769
500_5_1,500,1250,5,21819,0.001733
500_5_2,500,1250,5,21023,0.001778
500_5_3,500,1250,5,21967,0.001681
500_5_4,500,1250,5,22837,0.00179
500_5_5,500,1250,5,23288,0.001783
500_5_6,500,1250,5,22353,0.001744
500_5_7,500,1250,5,21136,0.001769
500_5_8,500,1250,5,20289,0.001683
500_5_9,500,1250,5,20859,0.001732
500_5_10,500,1250,5,22913,0.001803
500_5_11,500,1250,5,21052,0.001628
500_5_12,500,1250,5,19895,0.001712
500_5_13,500,1250,5,20773,0.001706
500_5_14,500,1250,5,21827,0.001689
500_5_15,500,1250,5,20750,0.001708
500_5_16,500,1250,5,20531,0.001809
500_5_17,500,1250,5,21176,0.001732
500_5_18,500,1250,5,20585,0.001657
500_5_19,500,1250,5,20908,0.001692
500_5_20,500,1250,5,20325,0.001851
500_5_21,500,1250,5,21634,0.001778
500_5_22,500,1250,5,22641,0.001604
500_5_23,500,1250,5,23067,0.001829
500_5_24,500,1250,5,22007,0.001596
500_5_25,500,1250,5,22167,0.001804
500_5_26,500,1250,5,20657,0.001737
500_5_27,500,1250,5,21118,0.001876
500_5_28,500,1250,5,22162,0.001804
500_5_29,500,1250,5,22271,0.001705
500_5_30,500,1250,5,21291,0.001685
500_5_31,500,1250,5,21460,0.001714
500_5_32,500,1250,5,21829,0.001816
500_5_33,500,1250,5,21358,0.001739
500_5_34,500,1250,5,21359,0.001692
500_5_35,500,1250,5,21175,0.001857
500_5_36,500,1250,5,21869,0.001757
500_5_37,500,1250,5,22587,0.001764
500_5_38,500,1250,5,22523,0.00175
500_5_39,500,1250,5,22423,0.001748
500_5_40,500,1250,5,21836,0.001794
500_5_41,500,1250,5,22306,0.001688
500_5_42,500,1250,5,21658,0.001864
500_5_43,500,1250,5,22200,0.001766
500_5_44,500,1250,5,21964,0.001628
500_5_45,500,1250,5,21710,0.001667
500_5_46,500,1250,5,21148,0.001908
500_5_47,500,1250,5,20223,0.00168
500_5_48,500,1250,5,21327,0.001712
500_5_49,500,1250,5,21158,0.001787
500_5_50,500,1250,5,20795,0.001732
500_5_51,500,1250,5,20799,0.001793
500_5_52,500,1250,5,23742,0.001767
500_5_53,500,1250,5,23985,0.001727
500_5_54,500,1250,5,21847,0.001717
500_5_55,500,1250,5,21394,0.001757
500_5_56,500,1250,5,23048,0.001759
500_5_57,500,1250,5,21877,0.001627
500_5_58,500,1250,5,21701,0.002778
500_5_59,500,1250,5,22349,0.001804
500_5_60,500,1250,5,20971,0.001723
500_5_61,500,1250,5,22195,0.001809
500_5_62,500,1250,5,20701,0.001748
500_5_63,500,1250,5,22440,0.001622
500_5_64,500,1250,5,21202,0.001771
500_5_65,500,1250,5,19034,0.001613
500_5_66,500,1250,5,21793,0.002697
500_5_67,500,1250,5,20011,0.001734
500_5_68,500,1250,5,21214,0.001856
500_5_69,500,1250,5,23288,0.001821
500_5_70,500,1250,5,21971,0.001672
500_5_71,500,1250,5,22896,0.001575
500_5_72,500,1250,5,22226,0.00179
500_5_73,500,1250,5,21102,0.001729
500_5_74,500,1250,5,21439,0.00184
500_5_75,500,1250,5,20915,0.001731
500_5_76,500,1250,5,21384,0.001746
500_5_77,500,1250,5,22144,0.001695
500_5_78,500,1250,5,22190,0.001655
500_5_79,500,1250,5,21607,0.00169
500_5_80,500,1250,5,21243,0.001761
500_5_81,500,1250,5,22302,0.001747
500_5_82,500,1250,5,20626,0.001774
500_5_83,500,1250,5,22216,0.001816
500_5_84,500,1250,5,22025,0.001773
500_5_85,500,1250,5,21781,0.001637
500_5_86,500,1250,5,21692,0.001663
500_5_87,500,1250,5,21154,0.001751
500_5_88,500,1250,5,22891,0.001727
500_5_89,500,1250,5,21274,0.00176
500_5_90,500,1250,5,20295,0.001719
500_5_91,500,1250,5,21174,0.00187
500_5_92,500,1250,5,20130,0.001747
500_5_93,500,1250,5,21484,0.001782
500_5_94,500,1250,5,20652,0.001777
500_5_95,500,1250,5,20954,0.001727
500_5_96,500,1250,5,21084,0.001689
500_5_97,500,1250,5,21366,0.001761
500_5_98,500,1250,5,22283,0.001615
500_5_99,500,1250,5,22231,0.001578
500_10_0,500,2500,10,12127,0.001694
500_10_1,500,2500,10,11340,0.001672
500_10_2,500,2500,10,11521,0.00167
500_10_3,500,2500,10,11775,0.001643
500_10_4,500,2500,10,11488,0.001775
500_10_5,500,2500,10,11220,0.001857
500_10_6,500,2500,10,11698,0.001866
500_10_7,500,2500,10,11574,0.001661
500_10_8,500,2500,10,11373,0.001768
500_10_9,500,2500,10,11731,0.001601
500_10_10,500,2500,10,11491,0.001727
500_10_11,500,2500,10,11451,0.001949
500_10_12,500,2500,10,11649,0.002034
500_10_13,500,2500,10,10775,0.00172
500_10_14,500,2500,10,12434,0.001893
500_10_15,500,2500,10,11504,0.001832
500_10_16,500,2500,10,11622,0.001769
500_10_17,500,2500,10,10648,0.001684
500_10_18,500,2500,10,11836,0.001758
500_10_19,500,2500,10,11798,0.001848
500_10_20,500,2500,10,11385,0.001756
500_10_21,500,2500,10,11733,0.00174
500_10_22,500,2500,10,11728,0.001689
500_10_23,500,2500,10,11175,0.001686
500_10_24,500,2500,10,11655,0.001891
500_10_25,500,2500,10,12108,0.001806
500_10_26,500,2500,10,10536,0.001674
500_10_27,500,2500,10,11702,0.001874
500_10_28,500,2500,10,10818,0.001774
500_10_29,500,2500,10,11819,0.001652
500_10_30,500,2500,10,10466,0.001742
500_10_31,500,2500,10,11795,0.001733
500_10_32,500,2500,10,11014,0.001644
500_10_33,500,2500,10,11813,0.001776
500_10_34,500,2500,10,11828,0.001596
500_10_35,500,2500,10,11358,0.00165
500_10_36,500,2500,10,11267,0.001725
500_10_37,500,2500,10,10772,0.001877
500_10_38,500,2500,10,11657,0.001759
500_10_39,500,2500,10,11327,0.001819
500_10_40,500,2500,10,11153,0.001712
500_10_41,500,2500,10,10753,0.001829
500_10_42,500,2500,10,10875,0.001924
500_10_43,500,2500,10,11120,0.001786
500_10_44,500,2500,10,11320,0.001781
500_10_45,500,2500,10,12332,0.001799
500_10_46,500,2500,10,11994,0.001665
500_10_47,500,2500,10,12550,0.001662
500_10_48,500,2500,10,11618,0.001803
500_10_49,500,2500,10,11387,0.001808
500_10_50,500,2500,10,10780,0.001883
500_10_51,500,2500,10,11206,0.001742
500_10_52,500,2500,10,10472,0.001811
500_10_53,500,2500,10,11402,0.001747
500_10_54,500,2500,10,11344,0.001726
500_10_55,500,2500,10,10890,0.001772
500_10_56,500,2500,10,11616,0.001765
500_10_57,500,2500,10,11856,0.001763
500_10_58,500,2500,10,11701,0.001719
500_10_59,500,2500,10,11110,0.001755
500_10_60,500,2500,10,11296,0.001803
500_10_61,500,2500,10,11736,0.001755
500_10_62,500,2500,10,11975,0.001768
500_10_63,500,2500,10,11483,0.001814
500_10_64,500,2500,10,11602,0.001813
500_10_65,500,2500,10,11601,0.00179
500_10_66,500,2500,10,11119,0.001873
500_10_67,500,2500,10,11640,0.001758
500_10_68,500,2500,10,11345,0.001952
500_10_69,500,2500,10,10733,0.001794
500_10_70,500,2500,10,12113,0.001832
500_10_71,500,2500,10,12222,0.001762
500_10_72,500,2500,10,10925,0.001763
500_10_73,500,2500,10,11514,0.001718
500_10_74,500,2500,10,11364,0.001629
500_10_75,500,2500,10,11015,0.001758
500_10_76,500,2500,10,11135,0.001742
500_10_77,500,2500,10,10677,0.001819
500_10_78,500,2500,10,11761,0.001624
500_10_79,500,2500,10,11986,0.001683
500_10_80,500,2500,10,10871,0.001607
500_10_81,500,2500,10,11875,0.00169
500_10_82,500,2500,10,11655,0.001823
500_10_83,500,2500,10,10791,0.001775
500_10_84,500,2500,10,11649,0.001604
500_10_85,500,2500,10,12163,0.001728
500_10_86,500,2500,10,11534,0.001759
500_10_87,500,2500,10,10746,0.001761
500_10_88,500,2500,10,11650,0.001797
500_10_89,500,2500,10,10187,0.001695
500_10_90,500,2500,10,11732,0.001639
500_10_91,500,2500,10,11553,0.001731
500_10_92,500,2500,10,11678,0.001768
500_10_93,500,2500,10,11602,0.00177
500_10_94,500,2500,10,12221,0.001821
500_10_95,500,2500,10,12481,0.001863
500_10_96,500,2500,10,11918,0.001773
500_10_97,500,2500,10,10369,0.001663
500_10_98,500,2500,10,10611,0.001602
500_10_99,500,2500,10,11340,0.001712
500_20_0,500,5000,20,6200,0.001819
500_20_1,500,5000,20,6060,0.001736
500_20_2,500,5000,20,5939,0.001754
500_20_3,500,5000,20,6426,0.001828
500_20_4,500,5000,20,6376,0.002125
500_20_5,500,5000,20,5451,0.001771
500_20_6,500,5000,20,6091,0.001852
500_20_7,500,5000,20,6147,0.001853
500_20_8,500,5000,20,6535,0.001678
500_20_9,500,5000,20,5704,0.002151
500_20_10,500,5000,20,5803,0.00174
500_20_11,500,5000,20,6248,0.001829
500_20_12,500,5000,20,6417,0.002137
500_20_13,500,5000,20,6144,0.001814
500_20_14,500,5000,20,5841,0.001935
500_20_15,500,5000,20,6538,0.001865
500_20_16,500,5000,20,6112,0.001806
500_20_17,500,5000,20,6134,0.001822
500_20_18,500,5000,20,6202,0.001776
500_20_19,500,5000,20,6040,0.001756
500_20_20,500,5000,20,5937,0.001896
500_20_21,500,5000,20,6183,0.00161
500_20_22,500,5000,20,6446,0.001622
500_20_23,500,5000,20,5990,0.001709
500_20_24,500,5000,20,5930,0.001853
500_20_25,500,5000,20,6454,0.002233
500_20_26,500,5000,20,6500,0.001942
500_20_27,500,5000,20,5979,0.001676
500_20_28,500,5000,20,5719,0.002727
500_20_29,500,5000,20,5873,0.00182
500_20_30,500,5000,20,6667,0.001951
500_20_31,500,5000,20,6008,0.001929
500_20_32,500,5000,20,6209,0.001908
500_20_33,500,5000,20,6051,0.001779
500_20_34,500,5000,20,5771,0.001774
500_20_35,500,5000,20,5885,0.001775
500_20_36,500,5000,20,5954,0.001924
500_20_37,500,5000,20,5714,0.001664
500_20_38,500,5000,20,5944,0.001991
500_20_39,500,5000,20,6239,0.001657
500_20_40,500,5000,20,5721,0.001597
500_20_41,500,5000,20,5706,0.001875
500_20_42,500,5000,20,6042,0.00175
500_20_43,500,5000,20,6320,0.002005
500_20_44,500,5000,20,5807,0.001647
500_20_45,500,5000,20,5920,0.001633
500_20_46,500,5000,20,6467,0.001805
500_20_47,500,5000,20,6100,0.001746
500_20_48,500,5000,20,6237,0.001863
500_20_49,500,5000,20,6310,0.001696
500_20_50,500,5000,20,5912,0.00186
500_20_51,500,5000,20,6258,0.001804
500_20_52,500,5000,20,5865,0.001762
500_20_53,500,5000,20,6000,0.00171
500_20_54,500,5000,20,5689,0.001707
500_20_55,500,5000,20,6079,0.001788
500_20_56,500,5000,20,6396,0.001668
500_20_57,500,5000,20,5955,0.00182
500_20_58,500,5000,20,6460,0.001791
500_20_59,500,5000,20,6395,0.00171
500_20_60,500,5000,20,6382,0.001876
500_20_61,500,5000,20,6525,0.001776
500_20_62,500,5000,20,5857,0.001795
500_20_63,500,5000,20,5930,0.00167
500_20_64,500,5000,20,5975,0.001742
500_20_65,500,5000,20,6243,0.001734
500_20_66,500,5000,20,5863,0.001774
500_20_67,500,5000,20,5849,0.00181
500_20_68,500,5000,20,6210,0.001746
500_20_69,500,5000,20,5711,0.00159
500_20_70,500,5000,20,5917,0.001844
500_20_71,500,5000,20,6105,0.001737
500_20_72,500,5000,20,5886,0.001761
500_20_73,500,5000,20,6045,0.001655
500_20_74,500,5000,20,6065,0.001701
500_20_75,500,5000,20,6005,0.001794
500_20_76,500,5000,20,6244,0.001945
500_20_77,500,5000,20,6428,0.001662
500_20_78,500,5000,20,5576,0.001744
500_20_79,500,5000,20,6119,0.001693
500_20_80,500,5000,20,5505,0.001724
500_20_81,500,5000,20,6463,0.001739
500_20_82,500,5000,20,6366,0.001654
500_20_83,500,5000,20,6018,0.001865
500_20_84,500,5000,20,6143,0.001722
500_20_85,500,5000,20,5910,0.001794
500_20_86,500,5000,20,5917,0.001709
500_20_87,500,5000,20,6314,0.001723
500_20_88,500,5000,20,6528,0.001709
500_20_89,500,5000,20,6036,0.001811
500_20_90,500,5000,20,6156,0.001673
500_20_91,500,5000,20,6279,0.00191
500_20_92,500,5000,20,5706,0.001778
500_20_93,500,5000,20,5575,0.001712
500_20_94,500,5000,20,5896,0.001668
500_20_95,500,5000,20,5939,0.001759
500_20_96,500,5000,20,5875,0.001817
500_20_97,500,5000,20,6697,0.001774
500_20_98,500,5000,20,6354,0.001722
500_20_99,500,5000,20,6406,0.001694
500_50_0,500,12500,50,2694,0.001712
500_50_1,500,12500,50,2744,0.001696
500_50_2,500,12500,50,2735,0.002467
500_50_3,500,12500,50,2728,0.001874
500_50_4,500,12500,50,2638,0.001731
500_50_5,500,12500,50,2976,0.001685
500_50_6,500,12500,50,2571,0.001767
500_50_7,500,12500,50,2684,0.001672
500_50_8,500,12500,50,2426,0.001737
500_50_9,500,12500,50,2675,0.001706
500_50_10,500,12500,50,2696,0.001881
500_50_11,500,12500,50,2523,0.001971
500_50_12,500,12500,50,2661,0.001867
500_50_13,500,12500,50,2621,0.002031
500_50_14,500,12500,50,2662,0.001699
500_50_15,500,12500,50,2512,0.001816
500_50_16,500,12500,50,2717,0.001849
500_50_17,500,12500,50,2520,0.001659
500_50_18,500,12500,50,2747,0.001699
500_50_19,500,12500,50,2437,0.001965
500_50_20,500,12500,50,2708,0.001698
500_50_21,500,12500,50,2752,0.001663
500_50_22,500,12500,50,2343,0.001848
500_50_23,500,12500,50,2569,0.002029
500_50_24,500,12500,50,2553,0.001709
500_50_25,500,12500,50,2611,0.00154
500_50_26,500,12500,50,2678,0.001774
500_50_27,500,12500,50,2606,0.00164
500_50_28,500,12500,50,2539,0.001817
500_50_29,500,12500,50,2506,0.001766
500_50_30,500,12500,50,2718,0.001703
500_50_31,500,12500,50,2600,0.002376
500_50_32,500,12500,50,2485,0.002032
500_50_33,500,12500,50,2716,0.00163
500_50_34,500,12500,50,2694,0.001696
500_50_35,500,12500,50,2436,0.001692
500_50_36,500,12500,50,2782,0.00189
500_50_37,500,12500,50,2482,0.001754
500_50_38,500,12500,50,2583,0.001634
500_50_39,500,12500,50,2530,0.00187
500_50_40,500,12500,50,2767,0.002052
500_50_41,500,12500,50,2698,0.001697
500_50_42,500,12500,50,2422,0.001768
500_50_43,500,12500,50,2773,0.001681
500_50_44,500,12500,50,2545,0.00172
500_50_45,500,12500,50,2766,0.001741
500_50_46,500,12500,50,2684,0.001684
500_50_47,500,12500,50,2461,0.001819
500_50_48,500,12500,50,2542,0.002031
500_50_49,500,12500,50,2466,0.001759
500_50_50,500,12500,50,2548,0.001628
500_50_51,500,12500,50,2619,0.001822
500_50_52,500,12500,50,2483,0.001706
500_50_53,500,12500,50,2658,0.001718
500_50_54,500,12500,50,2558,0.00212
500_50_55,500,12500,50,2665,0.001804
500_50_56,500,12500,50,2690,0.001709
500_50_57,500,12500,50,2699,0.0017
500_50_58,500,12500,50,2749,0.001678
500_50_59,500,12500,50,2628,0.001694
500_50_60,500,12500,50,2345,0.002159
500_50_61,500,12500,50,2525,0.001673
500_50_62,500,12500,50,2557,0.001698
500_50_63,500,12500,50,2596,0.001701
500_50_64,500,12500,50,2486,0.001966
500_50_65,500,12500,50,2502,0.001841
500_50_66,500,12500,50,2556,0.001823
500_50_67,500,12500,50,2561,0.001803
500_50_68,500,12500,50,2574,0.001622
500_50_69,500,12500,50,2480,0.001717
500_50_70,500,12500,50,2731,0.0021
500_50_71,500,12500,50,2662,0.001835
500_50_72,500,12500,50,2704,0.001691
500_50_73,500,12500,50,2591,0.001845
500_50_74,500,12500,50,2570,0.001645
500_50_75,500,12500,50,2668,0.001674
500_50_76,500,12500,50,2755,0.001942
500_50_77,500,12500,50,2880,0.001815
500_50_78,500,12500,50,2689,0.001545
500_50_79,500,12500,50,2618,0.001856
500_50_80,500,12500,50,2518,0.001673
500_50_81,500,12500,50,2630,0.001655
500_50_82,500,12500,50,2527,0.001815
500_50_83,500,12500,50,2747,0.001831
500_50_84,500,12500,50,2489,0.00165
500_50_85,500,12500,50,2461,0.001712
500_50_86,500,12500,50,2783,0.001748
500_50_87,500,12500,50,2586,0.001707
500_50_88,500,12500,50,2658,0.001703
500_50_89,500,12500,50,2629,0.001791
500_50_90,500,12500,50,2571,0.002024
500_50_91,500,12500,50,2598,0.001684
500_50_92,500,12500,50,2483,0.001634
500_50_93,500,12500,50,2505,0.001757
500_50_94,500,12500,50,2554,0.001668
500_50_95,500,12500,50,2515,0.001803
500_50_96,500,12500,50,2713,0.001733
500_50_97,500,12500,50,2666,0.00258
500_50_98,500,12500,50,2569,0.001994
500_50_99,500,12500,50,2664,0.001733
500_70_0,500,17500,70,1809,0.001769
500_70_1,500,17500,70,1989,0.001701
500_70_2,500,17500,70,2051,0.002565
500_70_3,500,17500,70,1891,0.001779
500_70_4,500,17500,70,1927,0.001653
500_70_5,500,17500,70,1853,0.001781
500_70_6,500,17500,70,1896,0.001873
500_70_7,500,17500,70,1792,0.001616
500_70_8,500,17500,70,1943,0.0022
500_70_9,500,17500,70,2014,0.001824
500_70_10,500,17500,70,2108,0.001709
500_70_11,500,17500,70,1991,0.001596
500_70_12,500,17500,70,1956,0.001775
500_70_13,500,17500,70,2067,0.001831
500_70_14,500,17500,70,2002,0.002634
500_70_15,500,17500,70,1885,0.001659
500_70_16,500,17500,70,1869,0.001695
500_70_17,500,17500,70,1905,0.0016
500_70_18,500,17500,70,2001,0.001571
500_70_19,500,17500,70,2015,0.001879
500_70_20,500,17500,70,1958,0.001854
500_70_21,500,17500,70,1914,0.001595
500_70_22,500,17500,70,2078,0.001746
500_70_23,500,17500,70,1969,0.001555
500_70_24,500,17500,70,2033,0.001779
500_70_25,500,17500,70,1825,0.001654
500_70_26,500,17500,70,2040,0.001668
500_70_27,500,17500,70,1876,0.001774
500_70_28,500,17500,70,1914,0.001651
500_70_29,500,17500,70,2157,0.002494
500_70_30,500,17500,70,1834,0.002023
500_70_31,500,17500,70,1941,0.001612
500_70_32,500,17500,70,1936,0.001704
500_70_33,500,17500,70,2008,0.001747
500_70_34,500,17500,70,1917,0.001737
500_70_35,500,17500,70,2005,0.001709
500_70_36,500,17500,70,2005,0.001712
500_70_37,500,17500,70,1960,0.002493
500_70_38,500,17500,70,1883,0.001769
500_70_39,500,17500,70,1923,0.001815
500_70_40,500,17500,70,1826,0.001739
500_70_41,500,17500,70,2001,0.001757
500_70_42,500,17500,70,1861,0.002735
500_70_43,500,17500,70,1877,0.00166
500_70_44,500,17500,70,2013,0.001685
500_70_45,500,17500,70,1973,0.001741
500_70_46,500,17500,70,1875,0.001765
500_70_47,500,17500,70,1968,0.001739
500_70_48,500,17500,70,1923,0.001831
500_70_49,500,17500,70,1903,0.001809
500_70_50,500,17500,70,1869,0.001785
500_70_51,500,17500,70,1861,0.0018
500_70_52,500,17500,70,1968,0.001737
500_70_53,500,17500,70,1958,0.001623
500_70_54,500,17500,70,1932,0.001879
500_70_55,500,17500,70,2038,0.001772
500_70_56,500,17500,70,1988,0.001689
500_70_57,500,17500,70,1835,0.001776
500_70_58,500,17500,70,1983,0.001686
500_70_59,500,17500,70,1883,0.001855
500_70_60,500,17500,70,1979,0.001648
500_70_61,500,17500,70,1947,0.001687
500_70_62,500,17500,70,1872,0.001737
500_70_63,500,17500,70,1838,0.001689
500_70_64,500,17500,70,1914,0.001733
500_70_65,500,17500,70,1985,0.0017
500_70_66,500,17500,70,1876,0.001703
500_70_67,500,17500,70,1946,0.002265
500_70_68,500,17500,70,1933,0.001859
500_70_69,500,17500,70,1847,0.001853
500_70_70,500,17500,70,1853,0.001774
500_70_71,500,17500,70,1830,0.001724
500_70_72,500,17500,70,1976,0.001665
500_70_73,500,17500,70,1845,0.001647
500_70_74,500,17500,70,2046,0.001845
500_70_75,500,17500,70,1941,0.001816
500_70_76,500,17500,70,1934,0.002649
500_70_77,500,17500,70,1987,0.001788
500_70_78,500,17500,70,1981,0.001759
500_70_79,500,17500,70,2008,0.001713
500_70_80,500,17500,70,2052,0.001757
500_70_81,500,17500,70,1885,0.001813
500_70_82,500,17500,70,2065,0.002379
500_70_83,500,17500,70,2029,0.001768
500_70_84,500,17500,70,2005,0.002286
500_70_85,500,17500,70,1949,0.001719
500_70_86,500,17500,70,1920,0.00176
500_70_87,500,17500,70,1969,0.00168
500_70_88,500,17500,70,1901,0.001683
500_70_89,500,17500,70,2042,0.001702
500_70_90,500,17500,70,1859,0.001734
500_70_91,500,17500,70,2098,0.001742
500_70_92,500,17500,70,2034,0.001843
500_70_93,500,17500,70,1950,0.001727
500_70_94,500,17500,70,1985,0.002485
500_70_95,500,17500,70,2012,0.001772
500_70_96,500,17500,70,2039,0.001627
500_70_97,500,17500,70,2009,0.001777
500_70_98,500,17500,70,1909,0.00162
500_70_99,500,17500,70,2077,0.00161
500_100_0,500,25000,100,1450,0.001814
500_100_1,500,25000,100,1429,0.002227
500_100_2,500,25000,100,1527,0.001673
500_100_3,500,25000,100,1402,0.00179
500_100_4,500,25000,100,1470,0.001592
500_100_5,500,25000,100,1487,0.001702
500_100_6,500,25000,100,1460,0.001829
500_100_7,500,25000,100,1377,0.001601
500_100_8,500,25000,100,1425,0.001786
500_100_9,500,25000,100,1396,0.001623
500_100_10,500,25000,100,1511,0.001732
500_100_11,500,25000,100,1567,0.001663
500_100_12,500,25000,100,1446,0.002147
500_100_13,500,25000,100,1463,0.00212
500_100_14,500,25000,100,1391,0.002098
500_100_15,500,25000,100,1485,0.001677
500_100_16,500,25000,100,1469,0.001727
500_100_17,500,25000,100,1531,0.001712
500_100_18,500,25000,100,1546,0.001704
500_100_19,500,25000,100,1497,0.001624
500_100_20,500,25000,100,1422,0.001725
500_100_21,500,25000,100,1461,0.001605
500_100_22,500,25000,100,1422,0.001668
500_100_23,500,25000,100,1534,0.001783
500_100_24,500,25000,100,1471,0.001699
500_100_25,500,25000,100,1459,0.001662
500_100_26,500,25000,100,1452,0.001567
500_100_27,500,25000,100,1479,0.001695
500_100_28,500,25000,100,1452,0.001644
500_100_29,500,25000,100,1440,0.002116
500_100_30,500,25000,100,1507,0.001569
500_100_31,500,25000,100,1476,0.001975
500_100_32,500,25000,100,1392,0.00155
500_100_33,500,25000,100,1445,0.001637
500_100_34,500,25000,100,1473,0.001677
500_100_35,500,25000,100,1402,0.00178
500_100_36,500,25000,100,1474,0.00202
500_100_37,500,25000,100,1475,0.001706
500_100_38,500,25000,100,1408,0.001622
500_100_39,500,25000,100,1358,0.001745
500_100_40,500,25000,100,1500,0.001662
500_100_41,500,25000,100,1479,0.001673
500_100_42,500,25000,100,1486,0.001596
500_100_43,500,25000,100,1480,0.001858
500_100_44,500,25000,100,1444,0.001652
500_100_45,500,25000,100,1466,0.001618
500_100_46,500,25000,100,1388,0.001802
500_100_47,500,25000,100,1407,0.001876
500_100_48,500,25000,100,1523,0.001843
500_100_49,500,25000,100,1569,0.001671
500_100_50,500,25000,100,1449,0.001794
500_100_51,500,25000,100,1361,0.001789
500_100_52,500,25000,100,1506,0.001676
500_100_53,500,25000,100,1444,0.001687
500_100_54,500,25000,100,1371,0.002067
500_100_55,500,25000,100,1430,0.002192
500_100_56,500,25000,100,1439,0.002202
500_100_57,500,25000,100,1463,0.002137
500_100_58,500,25000,100,1414,0.001621
500_100_59,500,25000,100,1595,0.001733
500_100_60,500,25000,100,1448,0.001617
500_100_61,500,25000,100,1333,0.001685
500_100_62,500,25000,100,1487,0.001658
500_100_63,500,25000,100,1438,0.001808
500_100_64,500,25000,100,1458,0.001645
500_100_65,500,25000,100,1498,0.001846
500_100_66,500,25000,100,1392,0.001741
500_100_67,500,25000,100,1382,0.001658
500_100_68,500,25000,100,1439,0.001704
500_100_69,500,25000,100,1441,0.001629
500_100_70,500,25000,100,1482,0.001803
500_100_71,500,25000,100,1415,0.002465
500_100_72,500,25000,100,1441,0.001771
500_100_73,500,25000,100,1450,0.001794
500_100_74,500,25000,100,1521,0.001668
500_100_75,500,25000,100,1537,0.001819
500_100_76,500,25000,100,1505,0.001575
500_100_77,500,25000,100,1530,0.002155
500_100_78,500,25000,100,1438,0.001605
500_100_79,500,25000,100,1394,0.001692
500_100_80,500,25000,100,1459,0.001673
500_100_81,500,25000,100,1479,0.002188
500_100_82,500,25000,100,1510,0.002217
500_100_83,500,25000,100,1346,0.002124
500_100_84,500,25000,100,1413,0.001758
500_100_85,500,25000,100,1455,0.001831
500_100_86,500,25000,100,1402,0.001694
500_100_87,500,25000,100,1410,0.001788
500_100_88,500,25000,100,1427,0.001755
500_100_89,500,25000,100,1574,0.001687
500_100_90,500,25000,100,1342,0.00169
500_100_91,500,25000,100,1560,0.001702
500_100_92,500,25000,100,1391,0.001641
500_100_93,500,25000,100,1418,0.001629
500_100_94,500,25000,100,1551,0.0016
500_100_95,500,25000,100,1461,0.001747
500_100_96,500,25000,100,1483,0.001708
500_100_97,500,25000,100,1328,0.0018
500_100_98,500,25000,100,1446,0.001976
500_100_99,500,25000,100,1468,0.002166
500_150_0,500,37500,150,1025,0.001907
500_150_1,500,37500,150,1043,0.001723
500_150_2,500,37500,150,1060,0.001759
500_150_3,500,37500,150,1074,0.002374
500_150_4,500,37500,150,1104,0.002073
500_150_5,500,37500,150,1066,0.0017
500_150_6,500,37500,150,1080,0.001741
500_150_7,500,37500,150,1026,0.001658
500_150_8,500,37500,150,1055,0.001801
500_150_9,500,37500,150,1102,0.001819
500_150_10,500,37500,150,1083,0.001899
500_150_11,500,37500,150,1113,0.001681
500_150_12,500,37500,150,1154,0.001686
500_150_13,500,37500,150,1087,0.00176
500_150_14,500,37500,150,1062,0.001813
500_150_15,500,37500,150,1027,0.001726
500_150_16,500,37500,150,1071,0.002542
500_150_17,500,37500,150,1032,0.001768
500_150_18,500,37500,150,1007,0.001846
500_150_19,500,37500,150,1109,0.001757
500_150_20,500,37500,150,1036,0.001796
500_150_21,500,37500,150,1029,0.001704
500_150_22,500,37500,150,1090,0.00176
500_150_23,500,37500,150,1056,0.002187
500_150_24,500,37500,150,988,0.001708
500_150_25,500,37500,150,1058,0.001773
500_150_26,500,37500,150,1037,0.001807
500_150_27,500,37500,150,1094,0.00246
500_150_28,500,37500,150,1078,0.001792
500_150_29,500,37500,150,1087,0.002692
500_150_30,500,37500,150,1032,0.00248
500_150_31,500,37500,150,1068,0.00187
500_150_32,500,37500,150,1030,0.001804
500_150_33,500,37500,150,992,0.001859
500_150_34,500,37500,150,1076,0.001709
500_150_35,500,37500,150,1095,0.002154
500_150_36,500,37500,150,1081,0.001983
500_150_37,500,37500,150,1078,0.001854
500_150_38,500,37500,150,1099,0.00169
500_150_39,500,37500,150,1100,0.002145
500_150_40,500,37500,150,1095,0.001828
500_150_41,500,37500,150,1023,0.002924
500_150_42,500,37500,150,1089,0.001653
500_150_43,500,37500,150,999,0.002142
500_150_44,500,37500,150,1033,0.002251
500_150_45,500,37500,150,1043,0.001773
500_150_46,500,37500,150,1131,0.00237
500_150_47,500,37500,150,1051,0.002404
500_150_48,500,37500,150,1031,0.001738
500_150_49,500,37500,150,1059,0.001763
500_150_50,500,37500,150,1051,0.001649
500_150_51,500,37500,150,978,0.001897
500_150_52,500,37500,150,1062,0.001697
500_150_53,500,37500,150,1067,0.00178
500_150_54,500,37500,150,1086,0.002433
500_150_55,500,37500,150,1032,0.001681
500_150_56,500,37500,150,1032,0.001814
500_150_57,500,37500,150,1100,0.001745
500_150_58,500,37500,150,1098,0.00169
500_150_59,500,37500,150,1097,0.002019
500_150_60,500,37500,150,1086,0.001815
500_150_61,500,37500,150,1052,0.002641
500_150_62,500,37500,150,1029,0.002435
500_150_63,500,37500,150,1077,0.00254
500_150_64,500,37500,150,1037,0.001877
500_150_65,500,37500,150,1106,0.002372
500_150_66,500,37500,150,1022,0.001742
500_150_67,500,37500,150,1058,0.002204
500_150_68,500,37500,150,1088,0.001628
500_150_69,500,37500,150,1072,0.002042
500_150_70,500,37500,150,1074,0.001653
500_150_71,500,37500,150,1061,0.002417
500_150_72,500,37500,150,1074,0.00162
500_150_73,500,37500,150,1062,0.001746
500_150_74,500,37500,150,1051,0.001814
500_150_75,500,37500,150,1091,0.002496
500_150_76,500,37500,150,1112,0.002329
500_150_77,500,37500,150,1096,0.001699
500_150_78,500,37500,150,1074,0.001815
500_150_79,500,37500,150,1005,0.002432
500_150_80,500,37500,150,1088,0.001656
500_150_81,500,37500,150,1042,0.001751
500_150_82,500,37500,150,1025,0.001744
500_150_83,500,37500,150,1089,0.001918
500_150_84,500,37500,150,1015,0.001867
500_150_85,500,37500,150,1036,0.001893
500_150_86,500,37500,150,1025,0.001789
500_150_87,500,37500,150,1030,0.002083
500_150_88,500,37500,150,1059,0.002279
500_150_89,500,37500,150,1020,0.001727
500_150_90,500,37500,150,1033,0.001907
500_150_91,500,37500,150,1120,0.001844
500_150_92,500,37500,150,1051,0.001601
500_150_93,500,37500,150,1094,0.001691
500_150_94,500,37500,150,1096,0.001764
500_150_95,500,37500,150,1086,0.001766
500_150_96,500,37500,150,1105,0.001865
500_150_97,500,37500,150,1006,0.001806
500_150_98,500,37500,150,1048,0.001965
500_150_99,500,37500,150,1037,0.001747
1000_5_0,1000,2500,5,44036,0.006563
1000_5_1,1000,2500,5,43708,0.007502
1000_5_2,1000,2500,5,43497,0.006963
1000_5_3,1000,2500,5,41772,0.006988
1000_5_4,1000,2500,5,43970,0.006732
1000_5_5,1000,2500,5,43314,0.007317
1000_5_6,1000,2500,5,43425,0.007268
1000_5_7,1000,2500,5,44311,0.006736
1000_5_8,1000,2500,5,44611,0.00821
1000_5_9,1000,2500,5,42391,0.006878
1000_5_10,1000,2500,5,42354,0.008812
1000_5_11,1000,2500,5,41720,0.007272
1000_5_12,1000,2500,5,44407,0.006748
1000_5_13,1000,2500,5,43851,0.006812
1000_5_14,1000,2500,5,44207,0.007092
1000_5_15,1000,2500,5,44306,0.006636
1000_5_16,1000,2500,5,43599,0.00726
1000_5_17,1000,2500,5,42633,0.007236
1000_5_18,1000,2500,5,40838,0.007116
1000_5_19,1000,2500,5,43895,0.007174
1000_5_20,1000,2500,5,42426,0.007116
1000_5_21,1000,2500,5,41157,0.006844
1000_5_22,1000,2500,5,44473,0.00711
1000_5_23,1000,2500,5,43155,0.007292
1000_5_24,1000,2500,5,43294,0.006764
1000_5_25,1000,2500,5,42709,0.00682
1000_5_26,1000,2500,5,44546,0.00735
1000_5_27,1000,2500,5,42601,0.006844
1000_5_28,1000,2500,5,44451,0.007188
1000_5_29,1000,2500,5,45341,0.007172
1000_5_30,1000,2500,5,42795,0.00705
1000_5_31,1000,2500,5,42889,0.007312
1000_5_32,1000,2500,5,41816,0.007112
1000_5_33,1000,2500,5,43444,0.007192
1000_5_34,1000,2500,5,40393,0.008184
1000_5_35,1000,2500,5,43497,0.007452
1000_5_36,1000,2500,5,41397,0.007728
1000_5_37,1000,2500,5,43868,0.00712
1000_5_38,1000,2500,5,41544,0.007692
1000_5_39,1000,2500,5,45814,0.00808
1000_5_40,1000,2500,5,41510,0.007224
1000_5_41,1000,2500,5,44187,0.00707
1000_5_42,1000,2500,5,44401,0.006926
1000_5_43,1000,2500,5,43128,0.007504
1000_5_44,1000,2500,5,42557,0.006868
1000_5_45,1000,2500,5,41494,0.007108
1000_5_46,1000,2500,5,45271,0.007292
1000_5_47,1000,2500,5,43580,0.007038
1000_5_48,1000,2500,5,43623,0.006814
1000_5_49,1000,2500,5,41194,0.007044
1000_5_50,1000,2500,5,43674,0.007106
1000_5_51,1000,2500,5,41551,0.006856
1000_5_52,1000,2500,5,42121,0.006858
1000_5_53,1000,2500,5,43645,0.0072
1000_5_54,1000,2500,5,44128,0.00668
1000_5_55,1000,2500,5,42995,0.006864
1000_5_56,1000,2500,5,44250,0.006836
1000_5_57,1000,2500,5,42815,0.00692
1000_5_58,1000,2500,5,42777,0.007246
1000_5_59,1000,2500,5,44680,0.007076
1000_5_60,1000,2500,5,43639,0.006754
1000_5_61,1000,2500,5,43560,0.007146
1000_5_62,1000,2500,5,39573,0.007288
1000_5_63,1000,2500,5,44116,0.006772
1000_5_64,1000,2500,5,43436,0.00694
1000_5_65,1000,2500,5,42435,0.006776
1000_5_66,1000,2500,5,41967,0.007032
1000_5_67,1000,2500,5,42872,0.00733
1000_5_68,1000,2500,5,43978,0.00659
1000_5_69,1000,2500,5,45227,0.006626
1000_5_70,1000,2500,5,43205,0.006936
1000_5_71,1000,2500,5,44257,0.008064
1000_5_72,1000,2500,5,43419,0.007032
1000_5_73,1000,2500,5,42951,0.007062
1000_5_74,1000,2500,5,41384,0.006566
1000_5_75,1000,2500,5,42963,0.006516
1000_5_76,1000,2500,5,43163,0.006916
1000_5_77,1000,2500,5,43618,0.0068
1000_5_78,1000,2500,5,45150,0.007808
1000_5_79,1000,2500,5,44656,0.006758
1000_5_80,1000,2500,5,42719,0.007848
1000_5_81,1000,2500,5,43768,0.006968
1000_5_82,1000,2500,5,44579,0.00708
1000_5_83,1000,2500,5,43957,0.00695
1000_5_84,1000,2500,5,42569,0.006884
1000_5_85,1000,2500,5,42028,0.006734
1000_5_86,1000,2500,5,43219,0.007064
1000_5_87,1000,2500,5,42591,0.006764
1000_5_88,1000,2500,5,43343,0.007092
1000_5_89,1000,2500,5,43351,0.007082
1000_5_90,1000,2500,5,43155,0.007162
1000_5_91,1000,2500,5,43780,0.006968
1000_5_92,1000,2500,5,42700,0.006986
1000_5_93,1000,2500,5,44303,0.006852
1000_5_94,1000,2500,5,44162,0.006908
1000_5_95,1000,2500,5,42209,0.006888
1000_5_96,1000,2500,5,42533,0.00694
1000_5_97,1000,2500,5,44206,0.006948
1000_5_98,1000,2500,5,44198,0.006946
1000_5_99,1000,2500,5,43115,0.006492
1000_10_0,1000,5000,10,22489,0.006952
1000_10_1,1000,5000,10,24953,0.006606
1000_10_2,1000,5000,10,22386,0.00715
1000_10_3,1000,5000,10,24082,0.00675
1000_10_4,1000,5000,10,23128,0.00672
1000_10_5,1000,5000,10,23225,0.006692
1000_10_6,1000,5000,10,22264,0.006776
1000_10_7,1000,5000,10,23496,0.00671
1000_10_8,1000,5000,10,22910,0.006792
1000_10_9,1000,5000,10,22028,0.006872
1000_10_10,1000,5000,10,24535,0.006742
1000_10_11,1000,5000,10,22826,0.008332
1000_10_12,1000,5000,10,23191,0.007028
1000_10_13,1000,5000,10,23127,0.00683
1000_10_14,1000,5000,10,22969,0.006472
1000_10_15,1000,5000,10,23876,0.006978
1000_10_16,1000,5000,10,23657,0.008736
1000_10_17,1000,5000,10,21812,0.007306
1000_10_18,1000,5000,10,24599,0.00722
1000_10_19,1000,5000,10,22941,0.0069
1000_10_20,1000,5000,10,22462,0.006928
1000_10_21,1000,5000,10,25432,0.006944
1000_10_22,1000,5000,10,22750,0.006984
1000_10_23,1000,5000,10,23521,0.006472
1000_10_24,1000,5000,10,23198,0.006892
1000_10_25,1000,5000,10,21158,0.006664
1000_10_26,1000,5000,10,23393,0.006742
1000_10_27,1000,5000,10,23521,0.00718
1000_10_28,1000,5000,10,22690,0.006532
1000_10_29,1000,5000,10,23583,0.006712
1000_10_30,1000,5000,10,23712,0.006966
1000_10_31,1000,5000,10,23424,0.007892
1000_10_32,1000,5000,10,22909,0.007228
1000_10_33,1000,5000,10,22586,0.006624
1000_10_34,1000,5000,10,22289,0.006842
1000_10_35,1000,5000,10,23028,0.00687
1000_10_36,1000,5000,10,22692,0.006742
1000_10_37,1000,5000,10,22948,0.007396
1000_10_38,1000,5000,10,22317,0.00684
1000_10_39,1000,5000,10,21761,0.006462
1000_10_40,1000,5000,10,22457,0.007058
1000_10_41,1000,5000,10,23927,0.006744
1000_10_42,1000,5000,10,22132,0.007398
1000_10_43,1000,5000,10,23658,0.006608
1000_10_44,1000,5000,10,22428,0.006456
1000_10_45,1000,5000,10,23023,0.006942
1000_10_46,1000,5000,10,24240,0.00648
1000_10_47,1000,5000,10,22958,0.007952
1000_10_48,1000,5000,10,22537,0.006592
1000_10_49,1000,5000,10,21781,0.00692
1000_10_50,1000,5000,10,22788,0.006754
1000_10_51,1000,5000,10,23642,0.006684
1000_10_52,1000,5000,10,22461,0.007262
1000_10_53,1000,5000,10,23817,0.006538
1000_10_54,1000,5000,10,22734,0.009536
1000_10_55,1000,5000,10,21854,0.006468
1000_10_56,1000,5000,10,21788,0.006504
1000_10_57,1000,5000,10,22635,0.00677
1000_10_58,1000,5000,10,22557,0.006612
1000_10_59,1000,5000,10,22634,0.00726
1000_10_60,1000,5000,10,23153,0.006638
1000_10_61,1000,5000,10,23984,0.006896
1000_10_62,1000,5000,10,23436,0.006742
1000_10_63,1000,5000,10,23269,0.00674
1000_10_64,1000,5000,10,22358,0.00696
1000_10_65,1000,5000,10,22952,0.006656
1000_10_66,1000,5000,10,23345,0.007564
1000_10_67,1000,5000,10,21855,0.00704
1000_10_68,1000,5000,10,22796,0.006476
1000_10_69,1000,5000,10,22814,0.007906
1000_10_70,1000,5000,10,22522,0.006584
1000_10_71,1000,5000,10,24284,0.007592
1000_10_72,1000,5000,10,22972,0.00669
1000_10_73,1000,5000,10,23267,0.0075
1000_10_74,1000,5000,10,23251,0.00662
1000_10_75,1000,5000,10,23601,0.00687
1000_10_76,1000,5000,10,22707,0.008784
1000_10_77,1000,5000,10,21990,0.006396
1000_10_78,1000,5000,10,23136,0.006766
1000_10_79,1000,5000,10,24442,0.006666
1000_10_80,1000,5000,10,22465,0.008296
1000_10_81,1000,5000,10,22592,0.007264
1000_10_82,1000,5000,10,23471,0.006784
1000_10_83,1000,5000,10,23204,0.00662
1000_10_84,1000,5000,10,22237,0.006972
1000_10_85,1000,5000,10,22193,0.0066
1000_10_86,1000,5000,10,23823,0.007722
1000_10_87,1000,5000,10,22968,0.006794
1000_10_88,1000,5000,10,23997,0.007016
1000_10_89,1000,5000,10,23576,0.006928
1000_10_90,1000,5000,10,21408,0.006836
1000_10_91,1000,5000,10,21523,0.007054
1000_10_92,1000,5000,10,23110,0.006724
1000_10_93,1000,5000,10,24044,0.00632
1000_10_94,1000,5000,10,22875,0.0069
1000_10_95,1000,5000,10,21611,0.006684
1000_10_96,1000,5000,10,23813,0.006446
1000_10_97,1000,5000,10,21886,0.006916
1000_10_98,1000,5000,10,23033,0.008388
1000_10_99,1000,5000,10,23749,0.006622
1000_20_0,1000,10000,20,11939,0.006762
1000_20_1,1000,10000,20,11768,0.00657
1000_20_2,1000,10000,20,13012,0.006854
1000_20_3,1000,10000,20,12718,0.006584
1000_20_4,1000,10000,20,11664,0.006662
1000_20_5,1000,10000,20,12426,0.006862
1000_20_6,1000,10000,20,12031,0.006534
1000_20_7,1000,10000,20,12356,0.006584
1000_20_8,1000,10000,20,11721,0.006598
1000_20_9,1000,10000,20,11974,0.006442
1000_20_10,1000,10000,20,12058,0.006632
1000_20_11,1000,10000,20,12343,0.006496
1000_20_12,1000,10000,20,12841,0.006912
1000_20_13,1000,10000,20,12608,0.00669
1000_20_14,1000,10000,20,12325,0.006896
1000_20_15,1000,10000,20,12762,0.007664
1000_20_16,1000,10000,20,12403,0.006828
1000_20_17,1000,10000,20,12090,0.007684
1000_20_18,1000,10000,20,12191,0.006774
1000_20_19,1000,10000,20,11774,0.006438
1000_20_20,1000,10000,20,12451,0.006962
1000_20_21,1000,10000,20,12397,0.00646
1000_20_22,1000,10000,20,11809,0.00716
1000_20_23,1000,10000,20,12158,0.006604
1000_20_24,1000,10000,20,11873,0.006694
1000_20_25,1000,10000,20,11826,0.006912
1000_20_26,1000,10000,20,11952,0.007004
1000_20_27,1000,10000,20,12001,0.006596
1000_20_28,1000,10000,20,12152,0.006712
1000_20_29,1000,10000,20,12001,0.006654
1000_20_30,1000,10000,20,11917,0.006794
1000_20_31,1000,10000,20,12215,0.006956
1000_20_32,1000,10000,20,11527,0.00663
1000_20_33,1000,10000,20,12127,0.006578
1000_20_34,1000,10000,20,12376,0.006622
1000_20_35,1000,10000,20,12053,0.006658
1000_20_36,1000,10000,20,12523,0.008352
1000_20_37,1000,10000,20,12397,0.006724
1000_20_38,1000,10000,20,11747,0.006648
1000_20_39,1000,10000,20,11730,0.006484
1000_20_40,1000,10000,20,12419,0.006504
1000_20_41,1000,10000,20,12425,0.00632
1000_20_42,1000,10000,20,12274,0.006596
1000_20_43,1000,10000,20,11935,0.006692
1000_20_44,1000,10000,20,12312,0.006654
1000_20_45,1000,10000,20,12432,0.006506
1000_20_46,1000,10000,20,11989,0.006776
1000_20_47,1000,10000,20,12494,0.006668
1000_20_48,1000,10000,20,12298,0.00649
1000_20_49,1000,10000,20,11734,0.006586
1000_20_50,1000,10000,20,11722,0.007024
1000_20_51,1000,10000,20,12053,0.007552
1000_20_52,1000,10000,20,12275,0.006968
1000_20_53,1000,10000,20,12389,0.0073
1000_20_54,1000,10000,20,11746,0.007114
1000_20_55,1000,10000,20,12207,0.006978
1000_20_56,1000,10000,20,12050,0.007098
1000_20_57,1000,10000,20,12569,0.006818
1000_20_58,1000,10000,20,11885,0.00849
1000_20_59,1000,10000,20,11788,0.007026
1000_20_60,1000,10000,20,12636,0.007592
1000_20_61,1000,10000,20,11960,0.006988
1000_20_62,1000,10000,20,11815,0.006544
1000_20_63,1000,10000,20,11932,0.007102
1000_20_64,1000,10000,20,12265,0.007256
1000_20_65,1000,10000,20,11906,0.00644
1000_20_66,1000,10000,20,11918,0.00668
1000_20_67,1000,10000,20,11667,0.00692
1000_20_68,1000,10000,20,11976,0.006648
1000_20_69,1000,10000,20,12421,0.006824
1000_20_70,1000,10000,20,12295,0.006396
1000_20_71,1000,10000,20,12872,0.006872
1000_20_72,1000,10000,20,12345,0.006758
1000_20_73,1000,10000,20,11754,0.00922
1000_20_74,1000,10000,20,11876,0.00901
1000_20_75,1000,10000,20,12005,0.006648
1000_20_76,1000,10000,20,11637,0.006944
1000_20_77,1000,10000,20,12568,0.008942
1000_20_78,1000,10000,20,12154,0.00668
1000_20_79,1000,10000,20,12239,0.00671
1000_20_80,1000,10000,20,12075,0.006842
1000_20_81,1000,10000,20,11777,0.00654
1000_20_82,1000,10000,20,11600,0.007622
1000_20_83,1000,10000,20,12228,0.006886
1000_20_84,1000,10000,20,12294,0.006888
1000_20_85,1000,10000,20,11477,0.008366
1000_20_86,1000,10000,20,12405,0.007896
1000_20_87,1000,10000,20,12282,0.006636
1000_20_88,1000,10000,20,12545,0.008082
1000_20_89,1000,10000,20,11693,0.006716
1000_20_90,1000,10000,20,12558,0.00715
1000_20_91,1000,10000,20,12036,0.009604
1000_20_92,1000,10000,20,12145,0.009412
1000_20_93,1000,10000,20,12446,0.006946
1000_20_94,1000,10000,20,12032,0.006698
1000_20_95,1000,10000,20,11894,0.006792
1000_20_96,1000,10000,20,11735,0.006856
1000_20_97,1000,10000,20,11700,0.008272
1000_20_98,1000,10000,20,11916,0.006776
1000_20_99,1000,10000,20,12432,0.00962
1000_50_0,1000,25000,50,5409,0.008978
1000_50_1,1000,25000,50,5106,0.007248
1000_50_2,1000,25000,50,5583,0.00729
1000_50_3,1000,25000,50,5181,0.007392
1000_50_4,1000,25000,50,5187,0.007186
1000_50_5,1000,25000,50,4948,0.00742
1000_50_6,1000,25000,50,5230,0.007196
1000_50_7,1000,25000,50,5249,0.006926
1000_50_8,1000,25000,50,5000,0.007094
1000_50_9,1000,25000,50,5429,0.007468
1000_50_10,1000,25000,50,5192,0.007532
1000_50_11,1000,25000,50,5259,0.006798
1000_50_12,1000,25000,50,5174,0.007392
1000_50_13,1000,25000,50,5393,0.007608
1000_50_14,1000,25000,50,5117,0.006866
1000_50_15,1000,25000,50,5193,0.009312
1000_50_16,1000,25000,50,5260,0.006984
1000_50_17,1000,25000,50,5410,0.006782
1000_50_18,1000,25000,50,5432,0.006928
1000_50_19,1000,25000,50,5022,0.00716
1000_50_20,1000,25000,50,5561,0.006556
1000_50_21,1000,25000,50,5241,0.006884
1000_50_22,1000,25000,50,4866,0.0073
1000_50_23,1000,25000,50,5225,0.00742
1000_50_24,1000,25000,50,5202,0.006704
1000_50_25,1000,25000,50,5074,0.00713
1000_50_26,1000,25000,50,5110,0.006922
1000_50_27,1000,25000,50,5093,0.007884
1000_50_28,1000,25000,50,5349,0.00696
1000_50_29,1000,25000,50,5039,0.00653
1000_50_30,1000,25000,50,5042,0.008166
1000_50_31,1000,25000,50,5252,0.0078
1000_50_32,1000,25000,50,5315,0.006858
1000_50_33,1000,25000,50,5176,0.007088
1000_50_34,1000,25000,50,5259,0.007206
1000_50_35,1000,25000,50,5581,0.007048
1000_50_36,1000,25000,50,5315,0.006792
1000_50_37,1000,25000,50,5201,0.006836
1000_50_38,1000,25000,50,5012,0.006502
1000_50_39,1000,25000,50,5397,0.006926
1000_50_40,1000,25000,50,5772,0.006584
1000_50_41,1000,25000,50,5020,0.006616
1000_50_42,1000,25000,50,5245,0.00687
1000_50_43,1000,25000,50,5278,0.007502
1000_50_44,1000,25000,50,5459,0.007836
1000_50_45,1000,25000,50,5019,0.00694
1000_50_46,1000,25000,50,5467,0.007678
1000_50_47,1000,25000,50,5316,0.007554
1000_50_48,1000,25000,50,5559,0.008386
1000_50_49,1000,25000,50,5242,0.006796
1000_50_50,1000,25000,50,5118,0.006636
1000_50_51,1000,25000,50,5022,0.006668
1000_50_52,1000,25000,50,5461,0.0071
1000_50_53,1000,25000,50,5180,0.007426
1000_50_54,1000,25000,50,5199,0.00698
1000_50_55,1000,25000,50,5178,0.006756
1000_50_56,1000,25000,50,5254,0.00683
1000_50_57,1000,25000,50,5374,0.0072
1000_50_58,1000,25000,50,5184,0.00672
1000_50_59,1000,25000,50,5453,0.006812
1000_50_60,1000,25000,50,5176,0.006924
1000_50_61,1000,25000,50,5093,0.006874
1000_50_62,1000,25000,50,5221,0.007098
1000_50_63,1000,25000,50,5300,0.00665
1000_50_64,1000,25000,50,5028,0.00674
1000_50_65,1000,25000,50,5235,0.006872
1000_50_66,1000,25000,50,5059,0.006918
1000_50_67,1000,25000,50,5319,0.00768
1000_50_68,1000,25000,50,5035,0.007772
1000_50_69,1000,25000,50,5318,0.008008
1000_50_70,1000,25000,50,5186,0.006784
1000_50_71,1000,25000,50,5295,0.006922
1000_50_72,1000,25000,50,5261,0.007204
1000_50_73,1000,25000,50,5153,0.006864
1000_50_74,1000,25000,50,4986,0.007082
1000_50_75,1000,25000,50,5299,0.007374
1000_50_76,1000,25000,50,5351,0.006878
1000_50_77,1000,25000,50,5294,0.007476
1000_50_78,1000,25000,50,5048,0.007824
1000_50_79,1000,25000,50,5315,0.007052
1000_50_80,1000,25000,50,5484,0.007256
1000_50_81,1000,25000,50,5152,0.006978
1000_50_82,1000,25000,50,5183,0.007004
1000_50_83,1000,25000,50,5275,0.006704
1000_50_84,1000,25000,50,5219,0.008306
1000_50_85,1000,25000,50,5161,0.00686
1000_50_86,1000,25000,50,5304,0.007098
1000_50_87,1000,25000,50,5118,0.006694
1000_50_88,1000,25000,50,4980,0.006968
1000_50_89,1000,25000,50,5058,0.00742
1000_50_90,1000,25000,50,5317,0.007018
1000_50_91,1000,25000,50,4955,0.006866
1000_50_92,1000,25000,50,5323,0.00744
1000_50_93,1000,25000,50,5338,0.006776
1000_50_94,1000,25000,50,5326,0.007912
1000_50_95,1000,25000,50,5058,0.007022
1000_50_96,1000,25000,50,5261,0.006904
1000_50_97,1000,25000,50,5106,0.006788
1000_50_98,1000,25000,50,5288,0.00724
1000_50_99,1000,25000,50,5335,0.007246
1000_70_0,1000,35000,70,3856,0.00909
1000_70_1,1000,35000,70,3882,0.00963
1000_70_2,1000,35000,70,3826,0.009426
1000_70_3,1000,35000,70,3890,0.006702
1000_70_4,1000,35000,70,3921,0.0096
1000_70_5,1000,35000,70,3885,0.007826
1000_70_6,1000,35000,70,3781,0.007742
1000_70_7,1000,35000,70,3993,0.009376
1000_70_8,1000,35000,70,4013,0.006568
1000_70_9,1000,35000,70,3969,0.010092
1000_70_10,1000,35000,70,3943,0.006528
1000_70_11,1000,35000,70,3969,0.006732
1000_70_12,1000,35000,70,3795,0.006556
1000_70_13,1000,35000,70,4085,0.006518
1000_70_14,1000,35000,70,3996,0.009166
1000_70_15,1000,35000,70,4194,0.009264
1000_70_16,1000,35000,70,3857,0.008264
1000_70_17,1000,35000,70,3700,0.008188
1000_70_18,1000,35000,70,4016,0.006606
1000_70_19,1000,35000,70,3851,0.006676
1000_70_20,1000,35000,70,3986,0.008404
1000_70_21,1000,35000,70,3889,0.008996
1000_70_22,1000,35000,70,3856,0.009138
1000_70_23,1000,35000,70,3932,0.00904
1000_70_24,1000,35000,70,3971,0.00918
1000_70_25,1000,35000,70,4036,0.009218
1000_70_26,1000,35000,70,3849,0.008156
1000_70_27,1000,35000,70,3863,0.009312
1000_70_28,1000,35000,70,4143,0.009516
1000_70_29,1000,35000,70,3864,0.00876
1000_70_30,1000,35000,70,3898,0.009512
1000_70_31,1000,35000,70,3895,0.00924
1000_70_32,1000,35000,70,3934,0.007414
1000_70_33,1000,35000,70,3973,0.006388
1000_70_34,1000,35000,70,3852,0.006432
1000_70_35,1000,35000,70,3908,0.006532
1000_70_36,1000,35000,70,3746,0.006336
1000_70_37,1000,35000,70,3577,0.006468
1000_70_38,1000,35000,70,4310,0.006352
1000_70_39,1000,35000,70,3819,0.006496
1000_70_40,1000,35000,70,3921,0.006452
1000_70_41,1000,35000,70,3873,0.006456
1000_70_42,1000,35000,70,3889,0.006444
1000_70_43,1000,35000,70,3859,0.006578
1000_70_44,1000,35000,70,3819,0.006512
1000_70_45,1000,35000,70,4138,0.00648
1000_70_46,1000,35000,70,4017,0.006688
1000_70_47,1000,35000,70,3887,0.008628
1000_70_48,1000,35000,70,4019,0.006498
1000_70_49,1000,35000,70,3995,0.006558
1000_70_50,1000,35000,70,3744,0.006446
1000_70_51,1000,35000,70,4117,0.006534
1000_70_52,1000,35000,70,4005,0.00646
1000_70_53,1000,35000,70,4111,0.006434
1000_70_54,1000,35000,70,3964,0.006588
1000_70_55,1000,35000,70,3789,0.006472
1000_70_56,1000,35000,70,3924,0.006566
1000_70_57,1000,35000,70,3842,0.0064
1000_70_58,1000,35000,70,4039,0.006508
1000_70_59,1000,35000,70,4010,0.006442
1000_70_60,1000,35000,70,3943,0.006654
1000_70_61,1000,35000,70,4018,0.006548
1000_70_62,1000,35000,70,3900,0.006364
1000_70_63,1000,35000,70,3966,0.00656
1000_70_64,1000,35000,70,3854,0.006426
1000_70_65,1000,35000,70,3805,0.006572
1000_70_66,1000,35000,70,3830,0.006488
1000_70_67,1000,35000,70,4069,0.006564
1000_70_68,1000,35000,70,3998,0.008296
1000_70_69,1000,35000,70,3881,0.006946
1000_70_70,1000,35000,70,3819,0.00759
1000_70_71,1000,35000,70,3834,0.006968
1000_70_72,1000,35000,70,3961,0.008942
1000_70_73,1000,35000,70,3967,0.008122
1000_70_74,1000,35000,70,4038,0.006772
1000_70_75,1000,35000,70,3981,0.006838
1000_70_76,1000,35000,70,3925,0.006872
1000_70_77,1000,35000,70,3804,0.00684
1000_70_78,1000,35000,70,3856,0.008836
1000_70_79,1000,35000,70,3777,0.0093
1000_70_80,1000,35000,70,3724,0.00932
1000_70_81,1000,35000,70,3869,0.008368
1000_70_82,1000,35000,70,4116,0.008344
1000_70_83,1000,35000,70,4052,0.006576
1000_70_84,1000,35000,70,3995,0.00694
1000_70_85,1000,35000,70,3830,0.00674
1000_70_86,1000,35000,70,3714,0.008986
1000_70_87,1000,35000,70,3887,0.007294
1000_70_88,1000,35000,70,3920,0.006676
1000_70_89,1000,35000,70,4026,0.006634
1000_70_90,1000,35000,70,4197,0.008574
1000_70_91,1000,35000,70,3895,0.0083
1000_70_92,1000,35000,70,3871,0.006582
1000_70_93,1000,35000,70,3983,0.009108
1000_70_94,1000,35000,70,3708,0.007072
1000_70_95,1000,35000,70,3927,0.007548
1000_70_96,1000,35000,70,3841,0.009002
1000_70_97,1000,35000,70,3715,0.00943
1000_70_98,1000,35000,70,3897,0.008732
1000_70_99,1000,35000,70,3778,0.009164
3000_5_0,3000,7500,5,131083,0.07138
3000_5_1,3000,7500,5,132757,0.072562
3000_5_2,3000,7500,5,126380,0.069864
3000_5_3,3000,7500,5,129626,0.073196
3000_5_4,3000,7500,5,133773,0.074416
3000_5_5,3000,7500,5,132181,0.071566
3000_5_6,3000,7500,5,127031,0.070772
3000_5_7,3000,7500,5,130320,0.071728
3000_5_8,3000,7500,5,132594,0.07306
3000_5_9,3000,7500,5,132500,0.073196
3000_5_10,3000,7500,5,129967,0.071552
3000_5_11,3000,7500,5,131940,0.072708
3000_5_12,3000,7500,5,129229,0.07088
3000_5_13,3000,7500,5,127585,0.07258
3000_5_14,3000,7500,5,129224,0.073316
3000_5_15,3000,7500,5,129527,0.0737
3000_5_16,3000,7500,5,132138,0.070236
3000_5_17,3000,7500,5,131120,0.07162
3000_5_18,3000,7500,5,127975,0.070448
3000_5_19,3000,7500,5,129975,0.069848
3000_5_20,3000,7500,5,128506,0.075036
3000_5_21,3000,7500,5,130581,0.073976
3000_5_22,3000,7500,5,133763,0.070944
3000_5_23,3000,7500,5,130486,0.074812
3000_5_24,3000,7500,5,127318,0.074668
3000_5_25,3000,7500,5,130177,0.073636
3000_5_26,3000,7500,5,125030,0.071232
3000_5_27,3000,7500,5,129681,0.071216
3000_5_28,3000,7500,5,129096,0.070104
3000_5_29,3000,7500,5,131206,0.070796
3000_5_30,3000,7500,5,134412,0.072924
3000_5_31,3000,7500,5,132786,0.073396
3000_5_32,3000,7500,5,128926,0.071848
3000_5_33,3000,7500,5,129852,0.073816
3000_5_34,3000,7500,5,132703,0.0733
3000_5_35,3000,7500,5,131180,0.073028
3000_5_36,3000,7500,5,128468,0.073972
3000_5_37,3000,7500,5,134967,0.071844
3000_5_38,3000,7500,5,129622,0.073028
3000_5_39,3000,7500,5,126002,0.071124
3000_5_40,3000,7500,5,134805,0.073168
3000_5_41,3000,7500,5,132045,0.073608
3000_5_42,3000,7500,5,130038,0.066264
3000_5_43,3000,7500,5,128497,0.06814
3000_5_44,3000,7500,5,130579,0.073724
3000_5_45,3000,7500,5,125940,0.074804
3000_5_46,3000,7500,5,128210,0.061528
3000_5_47,3000,7500,5,128569,0.061156
3000_5_48,3000,7500,5,131063,0.06146
3000_5_49,3000,7500,5,127370,0.060704
3000_5_50,3000,7500,5,131342,0.065364
3000_5_51,3000,7500,5,129474,0.060872
3000_5_52,3000,7500,5,134925,0.060848
3000_5_53,3000,7500,5,130370,0.067612
3000_5_54,3000,7500,5,130603,0.061636
3000_5_55,3000,7500,5,128724,0.06236
3000_5_56,3000,7500,5,131463,0.061172
3000_5_57,3000,7500,5,131226,0.064188
3000_5_58,3000,7500,5,130272,0.065568
3000_5_59,3000,7500,5,129379,0.0606
3000_5_60,3000,7500,5,128532,0.062148
3000_5_61,3000,7500,5,127590,0.060696
3000_5_62,3000,7500,5,129970,0.06052
3000_5_63,3000,7500,5,127370,0.062928
3000_5_64,3000,7500,5,130201,0.061108
3000_5_65,3000,7500,5,132396,0.065592
3000_5_66,3000,7500,5,131193,0.067976
3000_5_67,3000,7500,5,130815,0.061004
3000_5_68,3000,7500,5,132742,0.063524
3000_5_69,3000,7500,5,131975,0.060864
3000_5_70,3000,7500,5,129672,0.061588
3000_5_71,3000,7500,5,131772,0.06102
3000_5_72,3000,7500,5,131686,0.06446
3000_5_73,3000,7500,5,130978,0.063904
3000_5_74,3000,7500,5,130102,0.062
3000_5_75,3000,7500,5,129114,0.065044
3000_5_76,3000,7500,5,131401,0.0623
3000_5_77,3000,7500,5,127827,0.065476
3000_5_78,3000,7500,5,131519,0.065324
3000_5_79,3000,7500,5,133800,0.061352
3000_5_80,3000,7500,5,131066,0.06116
3000_5_81,3000,7500,5,126419,0.06104
3000_5_82,3000,7500,5,130798,0.061748
3000_5_83,3000,7500,5,127212,0.064192
3000_5_84,3000,7500,5,135169,0.06168
3000_5_85,3000,7500,5,128987,0.063632
3000_5_86,3000,7500,5,130207,0.062292
3000_5_87,3000,7500,5,128850,0.066784
3000_5_88,3000,7500,5,124825,0.064792
3000_5_89,3000,7500,5,134082,0.065236
3000_5_90,3000,7500,5,134287,0.06452
3000_5_91,3000,7500,5,129970,0.065452
3000_5_92,3000,7500,5,129812,0.0607
3000_5_93,3000,7500,5,128180,0.062328
3000_5_94,3000,7500,5,130430,0.061472
3000_5_95,3000,7500,5,130741,0.060824
3000_5_96,3000,7500,5,134941,0.061136
3000_5_97,3000,7500,5,130317,0.064908
3000_5_98,3000,7500,5,130066,0.0603
3000_5_99,3000,7500,5,131321,0.06092
3000_10_0,3000,15000,10,69023,0.061352
3000_10_1,3000,15000,10,68156,0.06162
3000_10_2,3000,15000,10,69444,0.061808
3000_10_3,3000,15000,10,68264,0.06642
3000_10_4,3000,15000,10,68943,0.061884
3000_10_5,3000,15000,10,71255,0.061948
3000_10_6,3000,15000,10,70020,0.06196
3000_10_7,3000,15000,10,68927,0.065064
3000_10_8,3000,15000,10,70320,0.06182
3000_10_9,3000,15000,10,69039,0.067808
3000_10_10,3000,15000,10,68338,0.06146
3000_10_11,3000,15000,10,68671,0.061056
3000_10_12,3000,15000,10,68703,0.066416
3000_10_13,3000,15000,10,68701,0.062708
3000_10_14,3000,15000,10,70678,0.062592
3000_10_15,3000,15000,10,70734,0.062312
3000_10_16,3000,15000,10,68117,0.06582
3000_10_17,3000,15000,10,70500,0.061516
3000_10_18,3000,15000,10,67806,0.061436
3000_10_19,3000,15000,10,69557,0.061596
3000_10_20,3000,15000,10,68927,0.070468
3000_10_21,3000,15000,10,68309,0.065012
3000_10_22,3000,15000,10,67966,0.061488
3000_10_23,3000,15000,10,67343,0.061356
3000_10_24,3000,15000,10,69266,0.061512
3000_10_25,3000,15000,10,69520,0.062204
3000_10_26,3000,15000,10,71033,0.065456
3000_10_27,3000,15000,10,70085,0.061668
3000_10_28,3000,15000,10,69520,0.061484
3000_10_29,3000,15000,10,68028,0.061976
3000_10_30,3000,15000,10,68470,0.064864
3000_10_31,3000,15000,10,69300,0.06842
3000_10_32,3000,15000,10,71079,0.062016
3000_10_33,3000,15000,10,68046,0.061836
3000_10_34,3000,15000,10,67515,0.06188
3000_10_35,3000,15000,10,72432,0.061828
3000_10_36,3000,15000,10,66254,0.0628
3000_10_37,3000,15000,10,69938,0.06154
3000_10_38,3000,15000,10,67515,0.061652
3000_10_39,3000,15000,10,69243,0.064648
3000_10_40,3000,15000,10,69714,0.065152
3000_10_41,3000,15000,10,67550,0.063552
3000_10_42,3000,15000,10,68704,0.06228
3000_10_43,3000,15000,10,69326,0.065936
3000_10_44,3000,15000,10,70515,0.066624
3000_10_45,3000,15000,10,69082,0.06234
3000_10_46,3000,15000,10,69749,0.065348
3000_10_47,3000,15000,10,69816,0.068164
3000_10_48,3000,15000,10,68766,0.06836
3000_10_49,3000,15000,10,67822,0.066024
3000_10_50,3000,15000,10,67364,0.065428
3000_10_51,3000,15000,10,66856,0.062264
3000_10_52,3000,15000,10,67486,0.065564
3000_10_53,3000,15000,10,69664,0.061692
3000_10_54,3000,15000,10,68656,0.065956
3000_10_55,3000,15000,10,71686,0.061692
3000_10_56,3000,15000,10,68197,0.061752
3000_10_57,3000,15000,10,69107,0.06298
3000_10_58,3000,15000,10,70349,0.062384
3000_10_59,3000,15000,10,69132,0.061724
3000_10_60,3000,15000,10,69144,0.06922
3000_10_61,3000,15000,10,70433,0.079124
3000_10_62,3000,15000,10,68564,0.07492
3000_10_63,3000,15000,10,70071,0.07442
3000_10_64,3000,15000,10,69790,0.07324
3000_10_65,3000,15000,10,68950,0.073548
3000_10_66,3000,15000,10,65976,0.079604
3000_10_67,3000,15000,10,71091,0.075788
3000_10_68,3000,15000,10,70948,0.077228
3000_10_69,3000,15000,10,68259,0.075552
3000_10_70,3000,15000,10,67648,0.076204
3000_10_71,3000,15000,10,68385,0.077468
3000_10_72,3000,15000,10,71727,0.072592
3000_10_73,3000,15000,10,69322,0.07702
3000_10_74,3000,15000,10,70298,0.07464
3000_10_75,3000,15000,10,71099,0.07306
3000_10_76,3000,15000,10,67943,0.076536
3000_10_77,3000,15000,10,68286,0.076652
3000_10_78,3000,15000,10,66110,0.076768
3000_10_79,3000,15000,10,69076,0.07508
3000_10_80,3000,15000,10,68660,0.077244
3000_10_81,3000,15000,10,68655,0.07224
3000_10_82,3000,15000,10,69688,0.070712
3000_10_83,3000,15000,10,69332,0.073464
3000_10_84,3000,15000,10,70230,0.073648
3000_10_85,3000,15000,10,70100,0.077384
3000_10_86,3000,15000,10,69626,0.074552
3000_10_87,3000,15000,10,69948,0.075308
3000_10_88,3000,15000,10,67623,0.07776
3000_10_89,3000,15000,10,69190,0.073968
3000_10_90,3000,15000,10,72946,0.072056
3000_10_91,3000,15000,10,68831,0.077624
3000_10_92,3000,15000,10,68214,0.072648
3000_10_93,3000,15000,10,68119,0.075856
3000_10_94,3000,15000,10,70546,0.073268
3000_10_95,3000,15000,10,71707,0.072024
3000_10_96,3000,15000,10,69829,0.075688
3000_10_97,3000,15000,10,69924,0.069952
3000_10_98,3000,15000,10,70122,0.077792
3000_10_99,3000,15000,10,66736,0.075824
3000_20_0,3000,30000,20,36386,0.072812
3000_20_1,3000,30000,20,36987,0.07254
3000_20_2,3000,30000,20,35718,0.07142
3000_20_3,3000,30000,20,36790,0.071012
3000_20_4,3000,30000,20,37029,0.072444
3000_20_5,3000,30000,20,35852,0.07438
3000_20_6,3000,30000,20,36214,0.07128
3000_20_7,3000,30000,20,35692,0.072672
3000_20_8,3000,30000,20,35754,0.07136
3000_20_9,3000,30000,20,35725,0.075304
3000_20_10,3000,30000,20,36886,0.076076
3000_20_11,3000,30000,20,36398,0.070636
3000_20_12,3000,30000,20,36337,0.070504
3000_20_13,3000,30000,20,35766,0.07366
3000_20_14,3000,30000,20,36642,0.06194
3000_20_15,3000,30000,20,35216,0.067552
3000_20_16,3000,30000,20,36325,0.0739
3000_20_17,3000,30000,20,35743,0.074472
3000_20_18,3000,30000,20,37525,0.070948
3000_20_19,3000,30000,20,37544,0.0744
3000_20_20,3000,30000,20,37468,0.076032
3000_20_21,3000,30000,20,35723,0.071644
3000_20_22,3000,30000,20,36813,0.074084
3000_20_23,3000,30000,20,36495,0.073424
3000_20_24,3000,30000,20,37110,0.073276
3000_20_25,3000,30000,20,36682,0.067412
3000_20_26,3000,30000,20,36479,0.065376
3000_20_27,3000,30000,20,35390,0.061536
3000_20_28,3000,30000,20,36070,0.061028
3000_20_29,3000,30000,20,36179,0.061432
3000_20_30,3000,30000,20,36461,0.061488
3000_20_31,3000,30000,20,36625,0.069392
3000_20_32,3000,30000,20,36727,0.06134
3000_20_33,3000,30000,20,35732,0.062396
3000_20_34,3000,30000,20,36787,0.061692
3000_20_35,3000,30000,20,35414,0.0614
3000_20_36,3000,30000,20,37505,0.061308
3000_20_37,3000,30000,20,37451,0.06222
3000_20_38,3000,30000,20,37052,0.061348
3000_20_39,3000,30000,20,36558,0.074028
3000_20_40,3000,30000,20,36029,0.070788
3000_20_41,3000,30000,20,35809,0.07512
3000_20_42,3000,30000,20,35551,0.072972
3000_20_43,3000,30000,20,36789,0.074712
3000_20_44,3000,30000,20,36663,0.071908
3000_20_45,3000,30000,20,36993,0.076472
3000_20_46,3000,30000,20,36263,0.074684
3000_20_47,3000,30000,20,36813,0.073948
3000_20_48,3000,30000,20,36788,0.073304
3000_20_49,3000,30000,20,36231,0.074576
3000_20_50,3000,30000,20,35325,0.0733
3000_20_51,3000,30000,20,37477,0.074056
3000_20_52,3000,30000,20,37251,0.075632
3000_20_53,3000,30000,20,36065,0.070304
3000_20_54,3000,30000,20,36852,0.072356
3000_20_55,3000,30000,20,36640,0.071232
3000_20_56,3000,30000,20,36516,0.07286
3000_20_57,3000,30000,20,35979,0.07202
3000_20_58,3000,30000,20,35744,0.074892
3000_20_59,3000,30000,20,35536,0.076268
3000_20_60,3000,30000,20,36988,0.073264
3000_20_61,3000,30000,20,36559,0.071968
3000_20_62,3000,30000,20,37548,0.077744
3000_20_63,3000,30000,20,36706,0.074916
3000_20_64,3000,30000,20,36533,0.074184
3000_20_65,3000,30000,20,35327,0.076868
3000_20_66,3000,30000,20,35924,0.077264
3000_20_67,3000,30000,20,37111,0.076312
3000_20_68,3000,30000,20,36282,0.073732
3000_20_69,3000,30000,20,36393,0.070748
3000_20_70,3000,30000,20,37234,0.072752
3000_20_71,3000,30000,20,36318,0.073256
3000_20_72,3000,30000,20,37007,0.071488
3000_20_73,3000,30000,20,37015,0.074844
3000_20_74,3000,30000,20,38083,0.072796
3000_20_75,3000,30000,20,35672,0.0747
3000_20_76,3000,30000,20,36544,0.073156
3000_20_77,3000,30000,20,36609,0.076152
3000_20_78,3000,30000,20,35317,0.075536
3000_20_79,3000,30000,20,37645,0.073216
3000_20_80,3000,30000,20,35676,0.074172
3000_20_81,3000,30000,20,35731,0.079096
3000_20_82,3000,30000,20,35222,0.074776
3000_20_83,3000,30000,20,37053,0.074396
3000_20_84,3000,30000,20,35180,0.071228
3000_20_85,3000,30000,20,37289,0.072456
3000_20_86,3000,30000,20,35553,0.0758
3000_20_87,3000,30000,20,37012,0.074256
3000_20_88,3000,30000,20,36024,0.074088
3000_20_89,3000,30000,20,36521,0.069552
3000_20_90,3000,30000,20,35673,0.075256
3000_20_91,3000,30000,20,36903,0.068904
3000_20_92,3000,30000,20,35703,0.074472
3000_20_93,3000,30000,20,36875,0.070816
3000_20_94,3000,30000,20,34968,0.073336
3000_20_95,3000,30000,20,35930,0.074928
3000_20_96,3000,30000,20,36341,0.073264
3000_20_97,3000,30000,20,36707,0.071128
3000_20_98,3000,30000,20,36280,0.070928
3000_20_99,3000,30000,20,35994,0.07968
